"old_tips","new_tips"
"Acca.lanuginosa_Daza.4526","Acca.lanuginosa"
"Acca.macrostema_Wood.10312","Acca.macrostema"
"Accara.elegans_Vasconcelos.485","Accara.elegans"
"Agonis.flexuosa_T17.02988.MR17.G4","Agonis.flexuosa"
"Algrizea.macrochlamys_Giulietti.1648","Algrizea.macrochlamys"
"Algrizea.minor_Faria.4157","Algrizea.minor"
"Allosyncarpia.ternata_Genome.KC180806","Allosyncarpia.ternata"
"Amomyrtella.guilii_Landrum.12253","Amomyrtella.guilii"
"Amomyrtus.luma_RBGE.19961065","Amomyrtus.luma"
"Amomyrtus.meli_RBGE.19961083","Amomyrtus.meli"
"Angophora.costata_Genome.KC180805_MELU108350","Angophora.costata"
"Archirhodomyrtus.beckleri_Wilson.sn_UNSW23517","Archirhodomyrtus.beckleri"
"Archirhodomyrtus.turbinata_Soewarto.11","Archirhodomyrtus.turbinata"
"Austromyrtus.dulcis_Belsham.77","Austromyrtus.dulcis"
"Backhousia.subargentea_Wilson.sn_UNSW22896","Backhousia.subargentea"
"Blepharocalyx.eggersii_Vasconcelos.458","Blepharocalyx.eggersii"
"Blepharocalyx.salicifolius_Lucas.78","Blepharocalyx.salicifolius"
"Melaleuca.linearis.var.linearis_Genome.MN794317","Melaleuca.linearis.var.linearis"
"Calycolpus.australis_Faria.6269","Calycolpus.australis"
"Calycolpus.calophyllus_Betancur.14498","Calycolpus.calophyllus"
"Calycolpus.cochleatus_Wurdack.5903","Calycolpus.cochleatus"
"Calycolpus.goetheanus_Vasconcelos.332","Calycolpus.goetheanus"
"Calycolpus.legrandii_Ibrahim.28","Calycolpus.legrandii"
"Calycolpus.moritzianus_ParraO.480","Calycolpus.moritzianus"
"Calycorectes.ekmanii_Flickinger.46","Calycorectes.ekmanii"
"Calycorectes.moana_Flickinger.61","Calycorectes.moana"
"Campomanesia.adamantium_Vasconcelos.474","Campomanesia.adamantium"
"Campomanesia.aromatica_Ibrahim.140","Campomanesia.aromatica"
"Campomanesia.cavalcantina_Ibrahim.197","Campomanesia.cavalcantina"
"Campomanesia.costata_Ibrahim.187","Campomanesia.costata"
"Campomanesia.dichotoma_Ibrahim.123","Campomanesia.dichotoma"
"Campomanesia.eugenioides.var.desertorum_Ibrahim.194","Campomanesia.eugenioides.var.desertorum"
"Campomanesia.eugenioides.var.eugenioides_Ibrahim.204","Campomanesia.eugenioides.var.eugenioides"
"Campomanesia.guaviroba_Urdampilleta.362","Campomanesia.guaviroba"
"Campomanesia.guazumifolia_Faria.3054","Campomanesia.guazumifolia"
"Campomanesia.ilhoensis_Ibrahim.122","Campomanesia.ilhoensis"
"Campomanesia.laurifolia_Tuler.531","Campomanesia.laurifolia"
"Campomanesia.neriiflora_Ibrahim.176","Campomanesia.neriiflora"
"Campomanesia.pubescens_MelloSilva.1669","Campomanesia.pubescens"
"Campomanesia.reitziana_Ibrahim.231","Campomanesia.reitziana"
"Campomanesia.rhombea_Ibrahim.223","Campomanesia.rhombea"
"Campomanesia.velutina_Vasconcelos.507","Campomanesia.velutina"
"Campomanesia.xanthocarpa_Costa.613","Campomanesia.xanthocarpa"
"Chamguava.schippii_SantamariaAguilar.9833","Chamguava.schippii"
"Cloezia.artensis_Wilson.7122","Cloezia.artensis"
"Curitiba.prismatica_Lima.551","Curitiba.prismatica"
"Decaspermum.fruticosum_Vasconcelos.730","Decaspermum.fruticosum"
"Decaspermum.humile_Belsham.M82","Decaspermum.humile"
"Decaspermum.vitisidae_Vasconcelos.729","Decaspermum.vitisidae"
"Eucalyptus.perriniana_Lucas.283","Eucalyptus.perriniana"
"Eucalyptus.tetragona_Udovicic.177","Eucalyptus.tetragona"
"Eugenia.abunan_PereiraSilva.16487","Eugenia.abunan"
"Eugenia.acutata_Vasconcelos.506","Eugenia.acutata"
"Eugenia.altissima_Faria.2582","Eugenia.altissima"
"Eugenia.anastomosans_Holst.9383","Eugenia.anastomosans"
"Eugenia.angustissima_Vasconcelos.405","Eugenia.angustissima"
"Eugenia.arenosa_Mazine.1043","Eugenia.arenosa"
"Eugenia.armeniaca_Holst.9400","Eugenia.armeniaca"
"Eugenia.astringens_Mazine.782","Eugenia.astringens"
"Eugenia.aubletiana_Giaretta.1587","Eugenia.aubletiana"
"Eugenia.aurata_Staggemeier.315","Eugenia.aurata"
"Eugenia.axillaris_Hamilton.553","Eugenia.axillaris"
"Eugenia.azuruensis_Faria.2642","Eugenia.azuruensis"
"Eugenia.bacopari_Mazine.967","Eugenia.bacopari"
"Eugenia.bahiensis_Faria.4229","Eugenia.bahiensis"
"Eugenia.batingabranca_Lucas.232","Eugenia.batingabranca"
"Eugenia.beaurepairiana_Mazine.1008","Eugenia.beaurepairiana"
"Eugenia.biflora_Mazine.1075","Eugenia.biflora"
"Eugenia.bimarginata_Mazine.469","Eugenia.bimarginata"
"Eugenia.binata_Colletta.1208","Eugenia.binata"
"Eugenia.bissei_Gomez.sn","Eugenia.bissei"
"Eugenia.bojeri_Page.32","Eugenia.bojeri"
"Eugenia.borinquensis_Flickinger.124","Eugenia.borinquensis"
"Eugenia.brasiliensis_Lucas.126","Eugenia.brasiliensis"
"Eugenia.brongniartiana_Pillon.176","Eugenia.brongniartiana"
"Eugenia.bullata_Vasconcelos.608","Eugenia.bullata"
"Eugenia.bunchosiifolia_Vasconcelos.466","Eugenia.bunchosiifolia"
"Eugenia.burretii_Vasconcelos.588","Eugenia.burretii"
"Eugenia.buxifolia_Wilson.10740","Eugenia.buxifolia"
"Eugenia.calcadensis_Erkings.sn","Eugenia.calcadensis"
"Eugenia.caloneura_Lucas.1160","Eugenia.caloneura"
"Eugenia.capensis_vanWyk.12723","Eugenia.capensis"
"Eugenia.capparidifolia_Mazine.845","Eugenia.capparidifolia"
"Eugenia.cati_Gomez.sn","Eugenia.cati"
"Eugenia.catingiflora_Oviedo.sn","Eugenia.catingiflora"
"Eugenia.cerasiflora_Vasconcelos.419","Eugenia.cerasiflora"
"Eugenia.cereja_Gressler.92L","Eugenia.cereja"
"Eugenia.chiquitensis_Mazine.1067","Eugenia.chiquitensis"
"Eugenia.cocosensis_VS.7857","Eugenia.cocosensis"
"Eugenia.coffeifolia_Holst.9516","Eugenia.coffeifolia"
"Eugenia.confusa_Abbott.24085","Eugenia.confusa"
"Eugenia.cordata.var.caribaea_Carrington.2338","Eugenia.cordata.var.caribaea"
"Eugenia.cordata.var.cordata_Gibney.sn","Eugenia.cordata.var.cordata"
"Eugenia.coronata_Flickinger.109","Eugenia.coronata"
"Eugenia.costatifructa_Valdemarin.1287","Eugenia.costatifructa"
"Eugenia.crassa_Giacomin.1860","Eugenia.crassa"
"Eugenia.crassipetala_Florens.sn.PRU092782","Eugenia.crassipetala"
"Eugenia.crenulata_Flickinger.2015DR6","Eugenia.crenulata"
"Eugenia.cristaensis_Rosa.1399","Eugenia.cristaensis"
"Eugenia.cryptocardia_Vasconcelos.593","Eugenia.cryptocardia"
"Eugenia.cucullata_NL110154","Eugenia.cucullata"
"Eugenia.cycloidea_Flickinger.57","Eugenia.cycloidea"
"Eugenia.densiracemosa_Mazine.1072","Eugenia.densiracemosa"
"Eugenia.dictyophylla_Clase.8180","Eugenia.dictyophylla"
"Eugenia.disperma_Mazine.804","Eugenia.disperma"
"Eugenia.domingensis_Lucas.1127","Eugenia.domingensis"
"Eugenia.dysenterica_Mazine.466","Eugenia.dysenterica"
"Eugenia.egensis_Vasconcelos.319","Eugenia.egensis"
"Eugenia.eggersii_Swensen.212","Eugenia.eggersii"
"Eugenia.ekmanii_Skean.5061","Eugenia.ekmanii"
"Eugenia.ellipsoidea_Lucas.879","Eugenia.ellipsoidea"
"Eugenia.erythrophylla_Maurin.1801","Eugenia.erythrophylla"
"Eugenia.excelsa_Lucas.125","Eugenia.excelsa"
"Eugenia.excisa_Flickinger.52","Eugenia.excisa"
"Eugenia.excoriata_Faria.2539","Eugenia.excoriata"
"Eugenia.expansa_Staggemeier.821","Eugenia.expansa"
"Eugenia.fajardensis_Flickinger.110","Eugenia.fajardensis"
"Eugenia.farneyi_Farney.4464","Eugenia.farneyi"
"Eugenia.fasciculiflora_Simon.2032","Eugenia.fasciculiflora"
"Eugenia.fissurata_Giaretta.1639","Eugenia.fissurata"
"Eugenia.flavescens_Zappi.415","Eugenia.flavescens"
"Eugenia.florida_Mazine.965","Eugenia.florida"
"Eugenia.foetida_Holst.8865","Eugenia.foetida"
"Eugenia.glandulosa_Faria.3019","Eugenia.glandulosa"
"Eugenia.goiapabana_Bunger.sn","Eugenia.goiapabana"
"Eugenia.grandissima_Faria.6270","Eugenia.grandissima"
"Eugenia.greggii_Wilson.1534","Eugenia.greggii"
"Eugenia.guanabarina_Giaretta.1629","Eugenia.guanabarina"
"Eugenia.haematocarpa_Flickinger.123","Eugenia.haematocarpa"
"Eugenia.hamiltonii_Mazine.1033","Eugenia.hamiltonii"
"Eugenia.handroi_Mazine.951","Eugenia.handroi"
"Eugenia.hiemalis_Mazine.970","Eugenia.hiemalis"
"Eugenia.hiraeifolia_Souza.1142","Eugenia.hiraeifolia"
"Eugenia.hirta_Faria.4227","Eugenia.hirta"
"Eugenia.hypargyrea_CarillaReyes.5231","Eugenia.hypargyrea"
"Eugenia.intermedia_Araujo.1788","Eugenia.intermedia"
"Eugenia.inversa_Faria.4230","Eugenia.inversa"
"Eugenia.involucrata_Vasconcelos.256","Eugenia.involucrata"
"Eugenia.itajurensis_Faria.6723","Eugenia.itajurensis"
"Eugenia.joseramosii_Giaretta.1651","Eugenia.joseramosii"
"Eugenia.kanakana_Florens.sn.PRU092785","Eugenia.kanakana"
"Eugenia.kerianthera_Giaretta.1517","Eugenia.kerianthera"
"Eugenia.klotzschiana_Faria.2006","Eugenia.klotzschiana"
"Eugenia.laeteviridis_Oviedo.sn","Eugenia.laeteviridis"
"Eugenia.laevis_Lucas.1113","Eugenia.laevis"
"Eugenia.lagoensis_Fraga.2436","Eugenia.lagoensis"
"Eugenia.lambertiana_Vasconcelos.382","Eugenia.lambertiana"
"Eugenia.langsdorffii_Faria.918","Eugenia.langsdorffii"
"Eugenia.laruotteana_Faria.6433","Eugenia.laruotteana"
"Eugenia.latifolia_Prevost.4707","Eugenia.latifolia"
"Eugenia.leptoclada_Lucas.389","Eugenia.leptoclada"
"Eugenia.ligustrina_Vasconcelos.570","Eugenia.ligustrina"
"Eugenia.lindahlii_Clase.7839","Eugenia.lindahlii"
"Eugenia.linearis_Flickinger.2015DR8","Eugenia.linearis"
"Eugenia.lineata_Flickinger.102","Eugenia.lineata"
"Eugenia.lineolata_Flickinger.2015DR18","Eugenia.lineolata"
"Eugenia.lomensis_Flickinger.21","Eugenia.lomensis"
"Eugenia.longipetiolata_Bunger.626","Eugenia.longipetiolata"
"Eugenia.longiracemosa_Vasconcelos.310","Eugenia.longiracemosa"
"Eugenia.longohypanthiata_Giaretta.1500","Eugenia.longohypanthiata"
"Eugenia.lucens_Flickinger.55","Eugenia.lucens"
"Eugenia.lucida_Florens.sn.PRU092784","Eugenia.lucida"
"Eugenia.luschnathiana_Abbott.24204","Eugenia.luschnathiana"
"Eugenia.macrobracteolata_Faria.3050","Eugenia.macrobracteolata"
"Eugenia.macrosperma_Faria.2526","Eugenia.macrosperma"
"Eugenia.maestrensis_Flickinger.20","Eugenia.maestrensis"
"Eugenia.magnibracteolata_Bunger.627","Eugenia.magnibracteolata"
"Eugenia.magnisepala_Moraes.600","Eugenia.magnisepala"
"Eugenia.malacantha_Faria.3043","Eugenia.malacantha"
"Eugenia.martinellii_Stadnik.380","Eugenia.martinellii"
"Eugenia.mattosii_Valdemarin.1349","Eugenia.mattosii"
"Eugenia.melanogyna_Mazine.969","Eugenia.melanogyna"
"Eugenia.membranifolia_Duarte.sn_ESA85677","Eugenia.membranifolia"
"Eugenia.mensurensis_Flickinger.30","Eugenia.mensurensis"
"Eugenia.mespiloides_Wilson.10741","Eugenia.mespiloides"
"Eugenia.modesta_Mazine.854","Eugenia.modesta"
"Eugenia.monticola_Vasconcelos.566","Eugenia.monticola"
"Eugenia.moschata_Simon.971","Eugenia.moschata"
"Eugenia.myrcianthes_Faria.2850","Eugenia.myrcianthes"
"Eugenia.naguana_Flickinger.26","Eugenia.naguana"
"Eugenia.natalitia_Maurin.1796","Eugenia.natalitia"
"Eugenia.neibensis_Vasconcelos.590","Eugenia.neibensis"
"Eugenia.neofasciculata_Page.105","Eugenia.neofasciculata"
"Eugenia.neograndifolia_Holst.9435","Eugenia.neograndifolia"
"Eugenia.neomyrtifolia_Mazine.953","Eugenia.neomyrtifolia"
"Eugenia.neoriedeliana_Giaretta.1489","Eugenia.neoriedeliana"
"Eugenia.neoverrucosa_Lucas.118","Eugenia.neoverrucosa"
"Eugenia.nutans_Lucas.281","Eugenia.nutans"
"Eugenia.orbiculata_Page.104","Eugenia.orbiculata"
"Eugenia.pachyadenia_Verdecia.sn","Eugenia.pachyadenia"
"Eugenia.pacifica_VS.7887","Eugenia.pacifica"
"Eugenia.padronii_Flickinger.83","Eugenia.padronii"
"Eugenia.paludosa_Vasconcelos.646","Eugenia.paludosa"
"Eugenia.paracatuana_Faria.2928","Eugenia.paracatuana"
"Eugenia.patens_Lucas.104","Eugenia.patens"
"Eugenia.patrisii_Staggemeier.834","Eugenia.patrisii"
"Eugenia.percincta_Simon.1158","Eugenia.percincta"
"Eugenia.petaloidea_Amorim.1765.4","Eugenia.petaloidea"
"Eugenia.picardae_Flickinger.2015DR2","Eugenia.picardae"
"Eugenia.piedraensis_Flickinger.48","Eugenia.piedraensis"
"Eugenia.piresiana_Faria.3101","Eugenia.piresiana"
"Eugenia.pisonis_Giaretta.1419","Eugenia.pisonis"
"Eugenia.pistaciifolia_Faria.1782","Eugenia.pistaciifolia"
"Eugenia.pitanga_Faria.4112","Eugenia.pitanga"
"Eugenia.platyphylla_Lucas.1188","Eugenia.platyphylla"
"Eugenia.platysema_Mazine.3001","Eugenia.platysema"
"Eugenia.plicatocostata_Popovkin.1770","Eugenia.plicatocostata"
"Eugenia.pluriflora_Faria.3052","Eugenia.pluriflora"
"Eugenia.pohliana_Faria.1888","Eugenia.pohliana"
"Eugenia.pollicina_Page.106","Eugenia.pollicina"
"Eugenia.prasina_Mazine.959","Eugenia.prasina"
"Eugenia.protenta_Vasconcelos.350","Eugenia.protenta"
"Eugenia.pseudopsidium_Santiago.20177","Eugenia.pseudopsidium"
"Eugenia.puberula_Bunger.629","Eugenia.puberula"
"Eugenia.pubicalyx_Flickinger.2015DR11","Eugenia.pubicalyx"
"Eugenia.punicifolia_Vasconcelos.736","Eugenia.punicifolia"
"Eugenia.pyrifera_Faria.3870","Eugenia.pyrifera"
"Eugenia.pyriformis_Mazine.1028","Eugenia.pyriformis"
"Eugenia.pyxidata_MoorhouseGann.sn","Eugenia.pyxidata"
"Eugenia.rara_Giaretta.1646","Eugenia.rara"
"Eugenia.regia_Bunger.578","Eugenia.regia"
"Eugenia.reinwardtiana_Holst.8870","Eugenia.reinwardtiana"
"Eugenia.repanda_Lucas.273","Eugenia.repanda"
"Eugenia.retinadenia_Oviedo.sn","Eugenia.retinadenia"
"Eugenia.rhombea_Holst.8864","Eugenia.rhombea"
"Eugenia.rigidifolia_Oviedo.sn","Eugenia.rigidifolia"
"Eugenia.rosea_Faria.2579","Eugenia.rosea"
"Eugenia.roseopetiolata_Vasconcelos.sn","Eugenia.roseopetiolata"
"Eugenia.rotula_Faria.4190","Eugenia.rotula"
"Eugenia.ruschiana_Bunger.618","Eugenia.ruschiana"
"Eugenia.schottiana_Valdemarin.821","Eugenia.schottiana"
"Eugenia.sebastianopolitana_Stadnik.448","Eugenia.sebastianopolitana"
"Eugenia.selloi_Bunger.566","Eugenia.selloi"
"Eugenia.sellowiana_Faria.1744","Eugenia.sellowiana"
"Eugenia.sessiliflora_Gibney.sn","Eugenia.sessiliflora"
"Eugenia.singampattiana_Erkings.sn","Eugenia.singampattiana"
"Eugenia.sintenisii_Flickinger.122","Eugenia.sintenisii"
"Eugenia.sparsa_Mazine.1084","Eugenia.sparsa"
"Eugenia.speciosa_Bunger.585","Eugenia.speciosa"
"Eugenia.sphenophylla_Lucas.257","Eugenia.sphenophylla"
"Eugenia.splendens_Faria.6793","Eugenia.splendens"
"Eugenia.sprengelii_Valdemarin.1143","Eugenia.sprengelii"
"Eugenia.spruceana_Holst.9465","Eugenia.spruceana"
"Eugenia.stahlii_Flickinger.67","Eugenia.stahlii"
"Eugenia.stenoxipha_Oviedo.sn","Eugenia.stenoxipha"
"Eugenia.stewardsonii_Flickinger.76","Eugenia.stewardsonii"
"Eugenia.stictopetala_Mazine.1077","Eugenia.stictopetala"
"Eugenia.stigmatosa_Valdemarin.1353","Eugenia.stigmatosa"
"Eugenia.stipitata_Stadnik.428","Eugenia.stipitata"
"Eugenia.stirpiflora_VIIS_1658","Eugenia.stirpiflora"
"Eugenia.subavenia_Mazine.805","Eugenia.subavenia"
"Eugenia.subglomerata_Mazine.461","Eugenia.subglomerata"
"Eugenia.subterminalis_Mazine.974","Eugenia.subterminalis"
"Eugenia.sulcata_Staggemeier.902","Eugenia.sulcata"
"Eugenia.supraaxillaris_Faria.3033","Eugenia.supraaxillaris"
"Eugenia.talbotii_Parmentier.5037","Eugenia.talbotii"
"Eugenia.tenuipedunculata_Mazine.993","Eugenia.tenuipedunculata"
"Eugenia.ternatifolia_Faria.2861","Eugenia.ternatifolia"
"Eugenia.tetramera_Holst.9422","Eugenia.tetramera"
"Eugenia.tinifolia_Page.25","Eugenia.tinifolia"
"Eugenia.torbeciana_Ionta.2047","Eugenia.torbeciana"
"Eugenia.tropophylla_Lowrey.2134","Eugenia.tropophylla"
"Eugenia.tuberculata_Oviedo.sn","Eugenia.tuberculata"
"Eugenia.umbellulifera_Vasconcelos.572","Eugenia.umbellulifera"
"Eugenia.umbrosa_Mazine.1085","Eugenia.umbrosa"
"Eugenia.umtamvunensis_Maurin.1794","Eugenia.umtamvunensis"
"Eugenia.unana_Faria.4221","Eugenia.unana"
"Eugenia.uniflora_Lucas.207","Eugenia.uniflora"
"Eugenia.varia_Oviedo.sn","Eugenia.varia"
"Eugenia.vattimoana_Giaretta.1465","Eugenia.vattimoana"
"Eugenia.vaughanii_Page.69","Eugenia.vaughanii"
"Eugenia.verdoorniae_vanWyk.12697","Eugenia.verdoorniae"
"Eugenia.verticillata_Duarte.sn.ESA85678","Eugenia.verticillata"
"Eugenia.vetula_Faria.1893","Eugenia.vetula"
"Eugenia.victoriana_Vasconcelos.717","Eugenia.victoriana"
"Eugenia.victorinii_Oviedo.sn","Eugenia.victorinii"
"Eugenia.walkerae_Walker.95016","Eugenia.walkerae"
"Eugenia.websteri_Flickinger.2016J8","Eugenia.websteri"
"Eugenia.wentii_Holst.9421","Eugenia.wentii"
"Eugenia.woodburyana_Flickinger.126","Eugenia.woodburyana"
"Eugenia.woodii_Maurin.MvdB26","Eugenia.woodii"
"Eugenia.wynadensis_Rajkumar.310","Eugenia.wynadensis"
"Eugenia.zeyheri_Maurin.1800","Eugenia.zeyheri"
"Eugenia.zuccarinii_Brandao.159","Eugenia.zuccarinii"
"Eugenia.zuluensis_Abbott.9188","Eugenia.zuluensis"
"Feijoa.sellowiana_Lucas.205","Feijoa.sellowiana"
"Gossia.clusioides_Soewarto.14","Gossia.clusioides"
"Gossia.hillii_Belsham.78","Gossia.hillii"
"Gossia.inophloia_Belsham.79","Gossia.inophloia"
"Heteropyxis.natalensis_Wilson.1475","Heteropyxis.natalensis"
"Kanakomyrtus.dawsoniana_Vasconcelos.639","Kanakomyrtus.dawsoniana"
"Kania.eugenioides_Takeuchi.7068","Kania.eugenioides"
"Legrandia.concinna_RBGE.19990656","Legrandia.concinna"
"Lenwebbia.lasioclada_Bean.7113","Lenwebbia.lasioclada"
"Lenwebbia.prominens_Forster.40529","Lenwebbia.prominens"
"Leptospermum.scoparium_Lucas.284","Leptospermum.scoparium"
"Lophomyrtus.bullata_Merri.sn","Lophomyrtus.bullata"
"Lophomyrtus.obcordata_Maurin.90","Lophomyrtus.obcordata"
"Luma.apiculata_Lucas.208","Luma.apiculata"
"Luma.chequen_Landrum.7873","Luma.chequen"
"Melaleuca.alternifolia_Genome.MN310606","Melaleuca.alternifolia"
"Melaleuca.comboynensis_Lucas.206","Melaleuca.comboynensis"
"Melaleuca.leucadendra_LGC.00265","Melaleuca.leucadendra"
"Metrosideros.perforata_Lucas.209","Metrosideros.perforata"
"Metrosideros.rugosa_Grose.24","Metrosideros.rugosa"
"Metrosideros.stipularis_RBGE.19952370A","Metrosideros.stipularis"
"Metrosideros.tremuloides_Reynolds.175","Metrosideros.tremuloides"
"Mitrantia.bilocularis_Sankowsky.sn","Mitrantia.bilocularis"
"Mosiera.cabanasensis_Flickinger.33","Mosiera.cabanasensis"
"Mosiera.contrerasii_Salywon.sn","Mosiera.contrerasii"
"Mosiera.cuspidata_Salywon.1350","Mosiera.cuspidata"
"Mosiera.ehrenbergii_Landrum.7375","Mosiera.ehrenbergii"
"Mosiera.elliptica.subsp.insularis_Oviedo.sn","Mosiera.elliptica.subsp.insularis"
"Mosiera.gracilipes_Salywon.1300","Mosiera.gracilipes"
"Mosiera.havanensis_Oviedo.sn","Mosiera.havanensis"
"Mosiera.longipes_Salywon.1183","Mosiera.longipes"
"Mosiera.oonophylla_Oviedo.sn","Mosiera.oonophylla"
"Mosiera.ophiticola_Flickinger.56","Mosiera.ophiticola"
"Mosiera.wrightii_Flickinger.42","Mosiera.wrightii"
"Mosiera.xerophytica_Salywon.783","Mosiera.xerophytica"
"Mosiera.yamaniguensis_Flickinger.63","Mosiera.yamaniguensis"
"Myrceugenia.alpigena.var.fuliginea_Hatschbach.59697","Myrceugenia.alpigena.var.fuliginea"
"Myrceugenia.alpigena.var.longifolia_Harley.26218","Myrceugenia.alpigena.var.longifolia"
"Myrceugenia.alpigena_Lucas.167","Myrceugenia.alpigena"
"Myrceugenia.bananalensis_Faria.4049","Myrceugenia.bananalensis"
"Myrceugenia.brevipedicellata_Landrum.2830","Myrceugenia.brevipedicellata"
"Myrceugenia.campestris_Kummrow.2940","Myrceugenia.campestris"
"Myrceugenia.chrysocarpa_Landrum.8166","Myrceugenia.chrysocarpa"
"Myrceugenia.colchaguensis_Landrum.8033","Myrceugenia.colchaguensis"
"Myrceugenia.correifolia_Teillier.5360","Myrceugenia.correifolia"
"Myrceugenia.cucullata_Wasum.105","Myrceugenia.cucullata"
"Myrceugenia.euosma_SoaresSilva.715","Myrceugenia.euosma"
"Myrceugenia.exsucca_MurilloA.4217","Myrceugenia.exsucca"
"Myrceugenia.franciscensis_Miyagi.357","Myrceugenia.franciscensis"
"Myrceugenia.gertii_Barbosa.948","Myrceugenia.gertii"
"Myrceugenia.glaucescens_Landrum.11231","Myrceugenia.glaucescens"
"Myrceugenia.hamoniana_Garcia.533","Myrceugenia.hamoniana"
"Myrceugenia.kleinii_Cordeiro.734","Myrceugenia.kleinii"
"Myrceugenia.lanceolata_Mihoc.6220","Myrceugenia.lanceolata"
"Myrceugenia.leptospermoides_MurilloA.4214","Myrceugenia.leptospermoides"
"Myrceugenia.miersiana_Lucas.164","Myrceugenia.miersiana"
"Myrceugenia.myrcioides.var.acrophylla_Ribas.229","Myrceugenia.myrcioides.var.acrophylla"
"Myrceugenia.myrcioides_Lucas.82","Myrceugenia.myrcioides"
"Myrceugenia.myrtoides_Rossato.47","Myrceugenia.myrtoides"
"Myrceugenia.obtusa_Brownless.1227","Myrceugenia.obtusa"
"Myrceugenia.ovalifolia_Lucas.259","Myrceugenia.ovalifolia"
"Myrceugenia.ovata.var.acutata_Chagas.1979","Myrceugenia.ovata.var.acutata"
"Myrceugenia.ovata.var.nannophylla_Mihoc.5162","Myrceugenia.ovata.var.nannophylla"
"Myrceugenia.ovata.var.ovata_Gardner.19","Myrceugenia.ovata.var.ovata"
"Myrceugenia.ovata.var.regnelliana_Souza.10621","Myrceugenia.ovata.var.regnelliana"
"Myrceugenia.ovata_RBGE.19982353C","Myrceugenia.ovata"
"Myrceugenia.oxysepala_Ribas.2234","Myrceugenia.oxysepala"
"Myrceugenia.parvifolia_Landrum.5916","Myrceugenia.parvifolia"
"Myrceugenia.pilotantha_Lucas.230","Myrceugenia.pilotantha"
"Myrceugenia.pinifolia_Gardner.164","Myrceugenia.pinifolia"
"Myrceugenia.planipes_Aedo.7378","Myrceugenia.planipes"
"Myrceugenia.reitzii_Barbosa.945","Myrceugenia.reitzii"
"Myrceugenia.rufa_Teillier.150795","Myrceugenia.rufa"
"Myrceugenia.rufescens_Lucas.469","Myrceugenia.rufescens"
"Myrceugenia.schulzei_Ruiz.8266","Myrceugenia.schulzei"
"Myrceugenia.seriatoramosa_Silva.2358","Myrceugenia.seriatoramosa"
"Myrcia.abbotiana_Lucas.1108","Myrcia.abbotiana"
"Myrcia.aethusa_Lima.447","Myrcia.aethusa"
"Myrcia.amazonica_Lucas.130","Myrcia.amazonica"
"Myrcia.amplexicaulis_Amorim.1940","Myrcia.amplexicaulis"
"Myrcia.anacardiifolia_Nadruz.999","Myrcia.anacardiifolia"
"Myrcia.anceps_Lucas.236","Myrcia.anceps"
"Myrcia.anomala_Faria.1015","Myrcia.anomala"
"Myrcia.apodocarpa_Acosta.sn","Myrcia.apodocarpa"
"Myrcia.ascendens_Santos.829","Myrcia.ascendens"
"Myrcia.aurea_Lucas.729","Myrcia.aurea"
"Myrcia.barituensis_Serrano.5327","Myrcia.barituensis"
"Myrcia.barkeri_Lucas.1116","Myrcia.barkeri"
"Myrcia.bella_Lima.379","Myrcia.bella"
"Myrcia.bergiana_Lima.409","Myrcia.bergiana"
"Myrcia.bicarinata_Santos.849","Myrcia.bicarinata"
"Myrcia.bicolor_Lucas.219","Myrcia.bicolor"
"Myrcia.blanchetiana_Lima.436","Myrcia.blanchetiana"
"Myrcia.bracteata_Prevost.4712","Myrcia.bracteata"
"Myrcia.brasiliensis_Lucas.62","Myrcia.brasiliensis"
"Myrcia.camapuanensis_Staggemeier.327","Myrcia.camapuanensis"
"Myrcia.canapuensis_Gomez.sn","Myrcia.canapuensis"
"Myrcia.cardiaca_Vasconcelos.274","Myrcia.cardiaca"
"Myrcia.carvalhoi_Santos.751","Myrcia.carvalhoi"
"Myrcia.caudata_Zappi.1506","Myrcia.caudata"
"Myrcia.cerqueiria_Amorim.2028","Myrcia.cerqueiria"
"Myrcia.chytraculia_Flickinger.2016J5","Myrcia.chytraculia"
"Myrcia.citrifolia_Pollard.1193","Myrcia.citrifolia"
"Myrcia.clarendonensis_Vasconcelos.511","Myrcia.clarendonensis"
"Myrcia.clavija_Lucas.244","Myrcia.clavija"
"Myrcia.coelosepala_Lucas.267","Myrcia.coelosepala"
"Myrcia.congestiflora_Torres.1673","Myrcia.congestiflora"
"Myrcia.cordiformis_Staggemeier.762","Myrcia.cordiformis"
"Myrcia.cordiifolia_Faria.2470","Myrcia.cordiifolia"
"Myrcia.costeira_Lucas.71","Myrcia.costeira"
"Myrcia.coumete_Lucas.107","Myrcia.coumete"
"Myrcia.crocea_Amorim.1942","Myrcia.crocea"
"Myrcia.cuprea_Staggemeier.862","Myrcia.cuprea"
"Myrcia.decorticans_Staggemeier.799_Brazil.SE","Myrcia.decorticans"
"Myrcia.deflexa_Flickinger.71","Myrcia.deflexa"
"Myrcia.densa_Santos.643","Myrcia.densa"
"Myrcia.depauperata_MelloSilva.1713","Myrcia.depauperata"
"Myrcia.dictyophylla_SoaresSilva.751","Myrcia.dictyophylla"
"Myrcia.egensis_Araujo.311","Myrcia.egensis"
"Myrcia.elevata_Santos.763","Myrcia.elevata"
"Myrcia.eriocalyx_Faria.1446","Myrcia.eriocalyx"
"Myrcia.eriocephala_Araujo.1803","Myrcia.eriocephala"
"Myrcia.eriopus_Lucas.258","Myrcia.eriopus"
"Myrcia.espiritosantensis_Amorim.2033","Myrcia.espiritosantensis"
"Myrcia.estremenae_Flickinger.88","Myrcia.estremenae"
"Myrcia.eugeniopsoides_Lucas.61","Myrcia.eugeniopsoides"
"Myrcia.eumecephylla_Matsumoto.803","Myrcia.eumecephylla"
"Myrcia.excoriata_Matsumoto.825","Myrcia.excoriata"
"Myrcia.eximia_Santos.625","Myrcia.eximia"
"Myrcia.fasciculata_Bhiki.285","Myrcia.fasciculata"
"Myrcia.fenzliana_Vasconcelos.592","Myrcia.fenzliana"
"Myrcia.ferruginea_Lucas.1235","Myrcia.ferruginea"
"Myrcia.ferruginosa_Santos.689","Myrcia.ferruginosa"
"Myrcia.flagellaris_Lucas.83","Myrcia.flagellaris"
"Myrcia.florifera_Araujo.1885","Myrcia.florifera"
"Myrcia.garciae_Araujo.1802","Myrcia.garciae"
"Myrcia.gilsoniana_Lucas.1221","Myrcia.gilsoniana"
"Myrcia.glaziovii_Vasconcelos.501","Myrcia.glaziovii"
"Myrcia.glomerata_Lucas.74","Myrcia.glomerata"
"Myrcia.grammica_Vasconcelos.483","Myrcia.grammica"
"Myrcia.grandifolia_Faria.2073","Myrcia.grandifolia"
"Myrcia.grandis_Staggemeier.850","Myrcia.grandis"
"Myrcia.grazielae_Amorim.2016","Myrcia.grazielae"
"Myrcia.guianensis_Harley.50707","Myrcia.guianensis"
"Myrcia.hartwegiana_Amorim.1925","Myrcia.hartwegiana"
"Myrcia.hatschbachii_Santos.661","Myrcia.hatschbachii"
"Myrcia.hebepetala_Lucas.64","Myrcia.hebepetala"
"Myrcia.hedraiophylla_Araujo.1874","Myrcia.hedraiophylla"
"Myrcia.hexasticha_Lucas.194","Myrcia.hexasticha"
"Myrcia.hirtiflora_Staggemeier.751","Myrcia.hirtiflora"
"Myrcia.hylobates_Holst.8054","Myrcia.hylobates"
"Myrcia.ilheosensis_Amorim.2037","Myrcia.ilheosensis"
"Myrcia.inaequiloba_Lucas.105","Myrcia.inaequiloba"
"Myrcia.insigniflora_Matsumoto.799","Myrcia.insigniflora"
"Myrcia.isaiana_Lucas.60","Myrcia.isaiana"
"Myrcia.laricina_Caxambu.3217","Myrcia.laricina"
"Myrcia.laxiflora_Lucas.682","Myrcia.laxiflora"
"Myrcia.legrandii_Lucas.171","Myrcia.legrandii"
"Myrcia.lenheirensis_Lucas.263","Myrcia.lenheirensis"
"Myrcia.lignosa_Wood.26462","Myrcia.lignosa"
"Myrcia.limae_Cordeiro.310","Myrcia.limae"
"Myrcia.linearifolia_Lima.506B","Myrcia.linearifolia"
"Myrcia.littoralis_Lima.510","Myrcia.littoralis"
"Myrcia.lonchophylla_Lucas.84","Myrcia.lonchophylla"
"Myrcia.longicalyptrata_Vasconcelos.523","Myrcia.longicalyptrata"
"Myrcia.longipetiolata_Amorim.2024","Myrcia.longipetiolata"
"Myrcia.loranthifolia_Lucas.122","Myrcia.loranthifolia"
"Myrcia.lucasiae_Vasconcelos.439","Myrcia.lucasiae"
"Myrcia.lughadhae_Hurbath.92","Myrcia.lughadhae"
"Myrcia.magnifolia_Amorim.2000","Myrcia.magnifolia"
"Myrcia.marianae_Staggemeier.764","Myrcia.marianae"
"Myrcia.maricaensis_AcevedoRodriguez.7160","Myrcia.maricaensis"
"Myrcia.maximiliana_Santos.750","Myrcia.maximiliana"
"Myrcia.mcvaughii_Caddah.547","Myrcia.mcvaughii"
"Myrcia.megaphylla_Santos.721","Myrcia.megaphylla"
"Myrcia.micropetala_Paixao.289","Myrcia.micropetala"
"Myrcia.microphylla_Santos.617","Myrcia.microphylla"
"Myrcia.minutiflora_Sasaki.2394","Myrcia.minutiflora"
"Myrcia.mischophylla_Sobral.sn","Myrcia.mischophylla"
"Myrcia.montana_Lucas.261","Myrcia.montana"
"Myrcia.mucugensis_Santos.823","Myrcia.mucugensis"
"Myrcia.multiflora_Staggemeier.422","Myrcia.multiflora"
"Myrcia.multipunctata_Matsumoto.752","Myrcia.multipunctata"
"Myrcia.mutabilis_Mazine.1052","Myrcia.mutabilis"
"Myrcia.myrtillifolia_Lima.381","Myrcia.myrtillifolia"
"Myrcia.neoclusiifolia_Lucas.253","Myrcia.neoclusiifolia"
"Myrcia.neodimorpha_Folli.6649","Myrcia.neodimorpha"
"Myrcia.neoglabra_Staggemeier.935","Myrcia.neoglabra"
"Myrcia.neokiaerskovii_Pollard.1194","Myrcia.neokiaerskovii"
"Myrcia.neolaevigata_Araujo.1793","Myrcia.neolaevigata"
"Myrcia.neolucida_Sasaki.2448","Myrcia.neolucida"
"Myrcia.neoobscura_Matsumoto.836","Myrcia.neoobscura"
"Myrcia.chytraculia.var.pauciflora_Araujo.1792","Myrcia.chytraculia.var.pauciflora"
"Myrcia.neopicardae_Flickinger.2015DR10","Myrcia.neopicardae"
"Myrcia.neoregeliana_Matsumoto.814","Myrcia.neoregeliana"
"Myrcia.neoriedeliana_Lucas.88","Myrcia.neoriedeliana"
"Myrcia.neosericea_Faria.972","Myrcia.neosericea"
"Myrcia.neosintenisii_Araujo.1785","Myrcia.neosintenisii"
"Myrcia.neospeciosa_Holst.9399","Myrcia.neospeciosa"
"Myrcia.neospruceana_Santos.601","Myrcia.neospruceana"
"Myrcia.neosuaveolens_Lucas.85","Myrcia.neosuaveolens"
"Myrcia.neothomasiana_Pollard.1195","Myrcia.neothomasiana"
"Myrcia.neuwiedeana_Staggemeier.793","Myrcia.neuwiedeana"
"Myrcia.nitida_Santos.720","Myrcia.nitida"
"Myrcia.nivea_Lima.538","Myrcia.nivea"
"Myrcia.oblongata_Santos.667","Myrcia.oblongata"
"Myrcia.obovata_Lima.459","Myrcia.obovata"
"Myrcia.obversa_Matsumoto.820","Myrcia.obversa"
"Myrcia.ottonis_Oviedo.sn","Myrcia.ottonis"
"Myrcia.ovina_Ibrahim.277","Myrcia.ovina"
"Myrcia.palustris_Brotto.1546","Myrcia.palustris"
"Myrcia.pendula_Lucas.1206","Myrcia.pendula"
"Myrcia.piauhiensis_Faria.2172","Myrcia.piauhiensis"
"Myrcia.pinetorum_Oviedo.sn","Myrcia.pinetorum"
"Myrcia.pinifolia_Vasconcelos.505","Myrcia.pinifolia"
"Myrcia.platyclada_Hawthorne.502","Myrcia.platyclada"
"Myrcia.plusiantha_Santos.712","Myrcia.plusiantha"
"Myrcia.polyantha_Staggemeier.797","Myrcia.polyantha"
"Myrcia.polyneura_Gomez.sn","Myrcia.polyneura"
"Myrcia.pseudospectabilis_Amorim.2005","Myrcia.pseudospectabilis"
"Myrcia.psilophylla_Lucas.1224","Myrcia.psilophylla"
"Myrcia.pubescens_IBGE.sn","Myrcia.pubescens"
"Myrcia.pubipetala_Lima.440","Myrcia.pubipetala"
"Myrcia.pulchella_Zappi.2496","Myrcia.pulchella"
"Myrcia.pulvinata_Amorim.1901","Myrcia.pulvinata"
"Myrcia.racemosa_Lucas.63","Myrcia.racemosa"
"Myrcia.ramiflora_Lucas.1181","Myrcia.ramiflora"
"Myrcia.raminfinita_Lucas.1033","Myrcia.raminfinita"
"Myrcia.ramuliflora_Lima.412","Myrcia.ramuliflora"
"Myrcia.restingae_Lucas.990","Myrcia.restingae"
"Myrcia.reticulata_Santos.803","Myrcia.reticulata"
"Myrcia.reticulosa_Harley.50309","Myrcia.reticulosa"
"Myrcia.retivenia_Acosta.sn","Myrcia.retivenia"
"Myrcia.retorta_Lucas.179","Myrcia.retorta"
"Myrcia.rhodophylla_Flickinger.28","Myrcia.rhodophylla"
"Myrcia.riodocensis_Staggemeier.917","Myrcia.riodocensis"
"Myrcia.rionegrensis_Vasconcelos.307","Myrcia.rionegrensis"
"Myrcia.robusta_Lucas.727","Myrcia.robusta"
"Myrcia.rosangelae_Amorim.1499","Myrcia.rosangelae"
"Myrcia.rufipes_Lucas.280","Myrcia.rufipes"
"Myrcia.rupestris_Santos.640","Myrcia.rupestris"
"Myrcia.rupta_Vasconcelos.311","Myrcia.rupta"
"Myrcia.ruschii_Amorim.1941","Myrcia.ruschii"
"Myrcia.salzmannii_Vasconcelos.459","Myrcia.salzmannii"
"Myrcia.saxatilis_Lucas.98","Myrcia.saxatilis"
"Myrcia.selloi_Lucas.110","Myrcia.selloi"
"Myrcia.serrana_Amorim.2013","Myrcia.serrana"
"Myrcia.servata_Santos.777","Myrcia.servata"
"Myrcia.sessilissima_Santos.641","Myrcia.sessilissima"
"Myrcia.siriacoana_Lima.505","Myrcia.siriacoana"
"Myrcia.capixaba_Trad.579","Myrcia.capixaba"
"Myrcia.spathulifolia_Faria.4214","Myrcia.spathulifolia"
"Myrcia.spectabilis_Lucas.75","Myrcia.spectabilis"
"Myrcia.splendens_Lucas.73","Myrcia.splendens"
"Myrcia.springiana_Amorim.2007","Myrcia.springiana"
"Myrcia.squamata_Vieira.800","Myrcia.squamata"
"Myrcia.stricta_Santos.608","Myrcia.stricta"
"Myrcia.strigipes_Matsumoto.798","Myrcia.strigipes"
"Myrcia.subacuminata_Lucas.225","Myrcia.subacuminata"
"Myrcia.subalpestris_Lima.514","Myrcia.subalpestris"
"Myrcia.subavenia_Santos.585","Myrcia.subavenia"
"Myrcia.subcordata_Santos.586","Myrcia.subcordata"
"Myrcia.subsericea_Santos.797","Myrcia.subsericea"
"Myrcia.subterminalis_Santos.733","Myrcia.subterminalis"
"Myrcia.sucrei_Staggemeier.916","Myrcia.sucrei"
"Myrcia.suffruticosa_MelloSilva.1690","Myrcia.suffruticosa"
"Myrcia.sylvatica_SantosLima.844","Myrcia.sylvatica"
"Myrcia.tenuifolia_Santos.747","Myrcia.tenuifolia"
"Myrcia.tenuivenosa_Lucas.87","Myrcia.tenuivenosa"
"Myrcia.tetraloba_Lima.415","Myrcia.tetraloba"
"Myrcia.tetraphylla_Staggemeier.926","Myrcia.tetraphylla"
"Myrcia.teuscheriana_Lucas.633","Myrcia.teuscheriana"
"Myrcia.thomasii_Amorim.1020","Myrcia.thomasii"
"Myrcia.tijucensis_Zappi.305","Myrcia.tijucensis"
"Myrcia.tomentosa_SoaresSilva.752","Myrcia.tomentosa"
"Myrcia.tortuosa_Lima.486","Myrcia.tortuosa"
"Myrcia.trimera_Lucas.1190","Myrcia.trimera"
"Myrcia.truncata_Lucas.1189","Myrcia.truncata"
"Myrcia.tumida_Lima.387","Myrcia.tumida"
"Myrcia.umbraticola_Prevost.4749_Guyana","Myrcia.umbraticola"
"Myrcia.variabilis_Lucas.277","Myrcia.variabilis"
"Myrcia.vellozoi_Staggemeier.805","Myrcia.vellozoi"
"Myrcia.venulosa_Cruz.195","Myrcia.venulosa"
"Myrcia.vestita_Lima.455","Myrcia.vestita"
"Myrcia.vittoriana_Zappi.455","Myrcia.vittoriana"
"Myrcia.chytraculia.var.zuzygium_Flickinger.2015DR15","Myrcia.zuzygium"
"Myrcianthes.callicoma_Wood.21047","Myrcianthes.callicoma"
"Myrcianthes.cisplatensis_Landrum.11233","Myrcianthes.cisplatensis"
"Myrcianthes.ferreyrae_Peru.170227","Myrcianthes.ferreyrae"
"Myrcianthes.fragrans_Hamilton.552","Myrcianthes.fragrans"
"Myrcianthes.gigantea_Mondim.sn","Myrcianthes.gigantea"
"Myrcianthes.osteomeloides_Wood.21051","Myrcianthes.osteomeloides"
"Myrcianthes.pseudomato_Beck.9667","Myrcianthes.pseudomato"
"Myrcianthes.pungens_Faria.2759","Myrcianthes.pungens"
"Myrcianthes.roncesvallensis_ParraO.849","Myrcianthes.roncesvallensis"
"Myrciaria.borinquena_Flickinger.79","Myrciaria.borinquena"
"Myrciaria.cuspidata_Vasconcelos.495","Myrciaria.cuspidata"
"Myrciaria.floribunda_Vasconcelos.380","Myrciaria.floribunda"
"Myrciaria.glazioviana_Coelho.288","Myrciaria.glazioviana"
"Myrciaria.glomerata_Vasconcelos.413","Myrciaria.glomerata"
"Myrciaria.tenella_Lucas.417","Myrciaria.tenella"
"Myrciaria.vexator_Vasconcelos.709","Myrciaria.vexator"
"Myrrhinium.atropurpureum_Costa.594","Myrrhinium.atropurpureum"
"Myrtastrum.rufopunctatum_Soewarto.10","Myrtastrum.rufopunctatum"
"Myrtella.beccarii_James.SAJ0945","Myrtella.beccarii"
"Myrteola.nummularia_RBGE.19961096","Myrteola.nummularia"
"Myrtus.communis_Lucas.211","Myrtus.communis"
"Neomyrtus.pedunculata_Maurin.100","Neomyrtus.pedunculata"
"Nothomyrcia.fernandeziana_Stuessy.15283","Nothomyrcia.fernandeziana"
"Octamyrtus.pleiopetala_Johns.sn","Octamyrtus.pleiopetala"
"Osbornia.octodonta_OBrien.sn","Osbornia.octodonta"
"Pilidiostigma.glabrum_Cameron.sn","Pilidiostigma.glabrum"
"Pilidiostigma.tropicum_Forster.27636","Pilidiostigma.tropicum"
"Pimenta.berciliae_Vasconcelos.576","Pimenta.berciliae"
"Pimenta.dioica_Lucas.212","Pimenta.dioica"
"Pimenta.filipes_Flickinger.15","Pimenta.filipes"
"Pimenta.haitiensis_Flickinger.107","Pimenta.haitiensis"
"Pimenta.paganii_Flickinger.85","Pimenta.paganii"
"Pimenta.podocarpoides_Acosta.sn","Pimenta.podocarpoides"
"Pimenta.pseudocaryophyllus_Lucas.161","Pimenta.pseudocaryophyllus"
"Pimenta.racemosa.var.grisea_Flickinger.72","Pimenta.racemosa.var.grisea"
"Pimenta.racemosa.var.ozua_Flickinger.2015DR30","Pimenta.racemosa.var.ozua"
"Pimenta.racemosa.var.racemosa_Flickinger.89","Pimenta.racemosa.var.racemosa"
"Pimenta.racemosa_Holst.8866","Pimenta.racemosa"
"Pimenta.yumana_Vasconcelos.584","Pimenta.yumana"
"Plinia.bissei_Acosta.sn","Plinia.bissei"
"Plinia.clausa_Stadnik.601","Plinia.clausa"
"Plinia.cordifolia_Mazine.957","Plinia.cordifolia"
"Plinia.dermatodes_Acosta.sn","Plinia.dermatodes"
"Plinia.edulis_Genome.MN095408_private.garden","Plinia.edulis"
"Plinia.espinhacensis_Faria.6379","Plinia.espinhacensis"
"Plinia.longiacuminata_Borges.314","Plinia.longiacuminata"
"Plinia.nana_Mazine.662","Plinia.nana"
"Plinia.peruviana_Lucas.210","Plinia.peruviana"
"Plinia.phitrantha_Souza.sn","Plinia.phitrantha"
"Plinia.silvestris_Matsumoto.831","Plinia.silvestris"
"Plinia.stenophylla_Acosta.sn","Plinia.stenophylla"
"Plinia.trunciflora_Genome.KU318111","Plinia.trunciflora"
"Psidium.acidum_Costa.490","Psidium.acidum"
"Psidium.acranthum_Vasconcelos.578","Psidium.acranthum"
"Psidium.amplexicaule_Vasconcelos.565","Psidium.amplexicaule"
"Psidium.appendiculatum_Tuler.619","Psidium.appendiculatum"
"Psidium.araucanum_Costa.837","Psidium.araucanum"
"Psidium.australe.var.argenteum_Costa.540","Psidium.australe.var.argenteum"
"Psidium.australe.var.suffruticosum_Costa.538","Psidium.australe.var.suffruticosum"
"Psidium.australe_Proenca.5376","Psidium.australe"
"Psidium.basanthum_Proenca.3021","Psidium.basanthum"
"Psidium.bergianum_Faria.6839","Psidium.bergianum"
"Psidium.brownianum_Tuler.606","Psidium.brownianum"
"Psidium.canum_Proenca.3231","Psidium.canum"
"Psidium.cattleyanum_Lucas.213","Psidium.cattleyanum"
"Psidium.cauliflorum_Tuler.480","Psidium.cauliflorum"
"Psidium.corynanthum_Proenca.5332","Psidium.corynanthum"
"Psidium.cupreum_Faria.4271","Psidium.cupreum"
"Psidium.dictyophyllum_Salywon.1322","Psidium.dictyophyllum"
"Psidium.firmum_Tuler.618","Psidium.firmum"
"Psidium.friedrichsthalianum_Verola.sn","Psidium.friedrichsthalianum"
"Psidium.galapageium_Genome.MH491846_Reatini.sn_CDS3053515","Psidium.galapageium"
"Psidium.ganevii_Stadnik.314","Psidium.ganevii"
"Psidium.glaziovianum_Vasconcelos.473","Psidium.glaziovianum"
"Psidium.grandifolium_Faria.6689","Psidium.grandifolium"
"Psidium.grazielae_Tuler.496","Psidium.grazielae"
"Psidium.guajava_Costa.sn","Psidium.guajava"
"Psidium.guineense_Costa.817","Psidium.guineense"
"Psidium.harrisianum_Flickinger.2016J9","Psidium.harrisianum"
"Psidium.kennedyanum_Uchoa.sn","Psidium.kennedyanum"
"Psidium.laruotteanum_Proenca.3069","Psidium.laruotteanum"
"Psidium.macahense_Faria.2519","Psidium.macahense"
"Psidium.minutiflorum_Lopes.30","Psidium.minutiflorum"
"Psidium.mucronatum_Proenca.3071","Psidium.mucronatum"
"Psidium.myrsinites_Tuler.613","Psidium.myrsinites"
"Psidium.myrtoides_Faria.6838","Psidium.myrtoides"
"Psidium.oblongatum_Tuler.567","Psidium.oblongatum"
"Psidium.oligospermum_Ibrahim.186","Psidium.oligospermum"
"Psidium.ovale_Barbosa.799","Psidium.ovale"
"Psidium.parvifolium_Flickinger.47","Psidium.parvifolium"
"Psidium.ratterianum_Proenca.3068","Psidium.ratterianum"
"Psidium.rhombeum_Faria.966","Psidium.rhombeum"
"Psidium.riparium_Lima.637","Psidium.riparium"
"Psidium.robustum_Faria.6370","Psidium.robustum"
"Psidium.rotundatum_Oviedo.sn","Psidium.rotundatum"
"Psidium.rotundidiscum_Tuler.626","Psidium.rotundidiscum"
"Psidium.rufum_Tuler.537","Psidium.rufum"
"Psidium.salutare.var.mucronatum_Proenca.3071","Psidium.salutare.var.mucronatum"
"Psidium.salutare.var.salutare_Oviedo.sn","Psidium.salutare.var.salutare"
"Psidium.sartorianum_Proenca.2993","Psidium.sartorianum"
"Psidium.schenckianum_Costa.772","Psidium.schenckianum"
"Psidium.sessiliflorum_Bringel.743","Psidium.sessiliflorum"
"Psidium.striatulum_DamascenoJr.2658","Psidium.striatulum"
"Psidium.widgrenianum_Proenca.3230","Psidium.widgrenianum"
"Rhodamnia.argentea_Belsham.81","Rhodamnia.argentea"
"Rhodamnia.cinerea_Vasconcelos.672","Rhodamnia.cinerea"
"Rhodamnia.rubescens_Belsham.83","Rhodamnia.rubescens"
"Rhodomyrtus.psidioides_Belsham.72","Rhodomyrtus.psidioides"
"Rhodomyrtus.tomentosa_Vasconcelos.678","Rhodomyrtus.tomentosa"
"Neomitranthes.cordifolia_Forster.1011","Neomitranthes.cordifolia"
"Siphoneugena.densiflora_Mazine.1050","Siphoneugena.densiflora"
"Siphoneugena.dussii_Flickinger.68","Siphoneugena.dussii"
"Siphoneugena.glomerata_LabFenoSn3.G2.46397","Siphoneugena.glomerata"
"Siphoneugena.guilfoyleiana_Lucas.70","Siphoneugena.guilfoyleiana"
"Siphoneugena.obtusa_Proenca.4047","Siphoneugena.obtusa"
"Siphoneugena.reitzii_Staggemeier.1000","Siphoneugena.reitzii"
"Syzygium.aromaticum_Genome.MN746306","Syzygium.aromaticum"
"Syzygium.cumini_Genome.MN095412","Syzygium.cumini"
"Syzygium.jambos_Lucas.214","Syzygium.jambos"
"Syzygium.maire_Belsham.M84","Syzygium.maire"
"Syzygium.malaccense_Flickinger.2015FTG1","Syzygium.malaccense"
"Syzygium.samarangense_Flickinger.108","Syzygium.samarangense"
"Temu.cruckshanksii_MurilloA.4219","Temu.cruckshanksii"
"Austrobaeckea.verrucosa_Wilson.1638","Austrobaeckea.verrucosa"
"Tristania.neriifolia_Wilson.sn_UNSW23243","Tristania.neriifolia"
"Tristaniopsis.macrosperma_Conn.5261","Tristaniopsis.macrosperma"
"Ugni.candollei_Vasconcelos.sn","Ugni.candollei"
"Ugni.molinae_Belsham.M69","Ugni.molinae"
"Ugni.myricoides_Landrum.9372","Ugni.myricoides"
"Ugni.selkirkii_Gardner.31","Ugni.selkirkii"
"Uromyrtus.australis_Conti.sn","Uromyrtus.australis"
"Uromyrtus.emarginata_Vasconcelos.628","Uromyrtus.emarginata"
"Uromyrtus.metrosideros_Biffin.sn.CANB9102545","Uromyrtus.metrosideros"
"Uromyrtus.neomyrtoides_Wulf.sn.NSW846522","Uromyrtus.neomyrtoides"
"Welchiodendron.longivalve_Sankowsky.sn.NSW504439","Welchiodendron.longivalve"
"Whiteodendron.moultonianum_StephenTeo.S75422","Whiteodendron.moultonianum"
"Xanthomyrtus.compacta_Edwards.4213A","Xanthomyrtus.compacta"
"Xanthomyrtus.kanalaensis_Benson.sn","Xanthomyrtus.kanalaensis"
"Xanthomyrtus.montivaga_Lucas.16","Xanthomyrtus.montivaga"
"Xanthostemon.aurantiacus_Dawson.19.5.1997","Xanthostemon.aurantiacus"
"Xanthostemon.chrysanthus_NZFRI.29475","Xanthostemon.chrysanthus"
"Psidium.sessilifolium_Flickinger.2015DR21","Psidium.sessilifolium"
