old.tips	new.tipsCalyptranthes.loranthifolia_Araujo.1827	Calyptranthes.loranthifolia_Araujo.1827Calyptranthes.clusiifolia_Lucas.253	Calyptranthes.clusiifolia_Lucas.253Calyptranthes.concinna_Lucas.74	Calyptranthes.concinna_Lucas.74Calyptranthes.hatschbachii_Lucas.171	Calyptranthes.hatschbachii_Lucas.171Calyptranthes.grandifolia_Lucas.122	Calyptranthes.grandifolia_Lucas.122Calyptranthes.lanceolata_Lucas.84	Calyptranthes.lanceolata_Lucas.84Calyptranthes.brasiliensis_Lucas.930	Calyptranthes.brasiliensis_Lucas.93042896_Calyptranthes_dardanoi_AnaRaquel_matrix	Calyptranthes.dardanoi_Lourenco.444L2_Calyptranthes_grammica_AnaRaquel_matrix	Calyptranthes.grammica_VOUCHERCalyptranthes.pulchella_Zappi.2496	Calyptranthes.pulchella_Zappi.2496Calyptranthes.restingae_Lucas.990	Calyptranthes.restingae_Lucas.990L14_Calyptranthes_longicalyptrata_AnaRaquel_matrix	Calyptranthes.longicalyptrata_Vasconcelos.523L11_Calyptranthes_cf_chytraculia_AnaRaquel_matrix	Calyptranthes.cf.chytraculia_VOUCHER42891_Calyptranthes_biflora_AnaRaquel_matrix	Calyptranthes.biflora_Ribeiro.45341415_Calyptranthes_garciae_AnaRaquel_matrix	Calyptranthes.garciae_Araujo.1802Calyptranthes.pallens_Vasconcelos.534	Calyptranthes.pallens_Vasconcelos.534Mitranthes.glabra_Lucas.1224	Mitranthes.glabra_Lucas.1224Mitranthes.clarendonensis_Vasconcelos.511	Mitranthes.clarendonensis_Vasconcelos.511Calyptranthes.thomasiana_Pollard.1195	Calyptranthes.thomasiana_Pollard.1195Calyptranthes.eriocephala_Araujo.1803	Calyptranthes.eriocephala_Araujo.1803Calyptranthes.barkeri_Lucas.1116	Calyptranthes.barkeri_Lucas.1116Calyptranthes.laevigata_Araujo.1793	Calyptranthes.laevigata_Araujo.1793Calyptranthes.pallens_Araujo.1792	Calyptranthes.pallens_Araujo.1792Calyptranthes.bipennis_Holst.8054	Calyptranthes.bipennis_Holst.8054Calyptranthes.sintenisii_Araujo.1785	Calyptranthes.sintenisii_Araujo.1785Calyptranthes.spruceana_Araujo.1874	Calyptranthes.spruceana_Araujo.1874Calyptranthes.lucida_Sasaki.2448	Calyptranthes.lucida_Sasaki.2448Calyptranthes.sp_Bhiki.551	Calyptranthes.sp_Bhiki.551Calyptranthes.sp_Tripp.3128	Calyptranthes.sp_Tripp.3128Calyptranthes.lindeniana_Harley.54077	Calyptranthes.lindeniana_Harley.54077Calyptranthes.kiaerskovii_Pollard.1194	Calyptranthes.kiaerskovii_Pollard.119441392_Calyptranthes_speciosa_AnaRaquel_matrix	Calyptranthes.speciosa_Bhiki.78436261_Calyptranthes_speciosa_AnaRaquel_matrix	Calyptranthes.speciosa_Holst.939941393_Calyptranthes_fasciculata_AnaRaquel_matrix	Calyptranthes.fasciculata_Bhiki.285Myrcia.mutabilis_Santos.621	Myrcia.mutabilis_Santos.621Myrcia.rupestris_Santos.640	Myrcia.rupestris_Santos.640Myrcia.calyptranthoides_Santos.833	Myrcia.mutabilis_Santos.833Myrcia.neobuxifolia_Clarke.5707	Myrcia.neobuxifolia_Clarke.570716201_Myrcia_bicarinata_AnaRaquel_matrix	Myrcia.costeira_Lucas.71Myrcia.bicolor_Lucas.219	Myrcia.bicolor_Lucas.219Myrcia.densa_Santos.643	Myrcia.densa_Santos.643Myrcia.subcordata_Santos.586	Myrcia.subcordata_Santos.586Myrcia.pulchra_Santos.845	Myrcia.subcordata_Santos.845Myrcia.sp_Santos.793	Myrcia.aff.ochraciflora_Santos.793Myrcia.tenuifolia_Santos.747	Myrcia.tenuifolia_Santos.747Myrcia.mutabilis_Mazine.1052	Myrcia.mutabilis_Mazine.1052Myrcia.bicarinata_Santos.849	Myrcia.bicarinata_Santos.849Myrcia.subavenia_Santos.585	Myrcia.subavenia_Santos.585Myrcia.nitida_Santos.600	Myrcia.nitida_Santos.600Myrcia.plusiantha_Santos.712	Myrcia.plusiantha_Santos.712Myrcia.jacobinensis_Santos.811	Myrcia.densa_Santos.811Myrcia.subavenia_Santos.715	Myrcia.subavenia_Santos.715Myrcia.nitida_Santos.720	Myrcia.nitida_Santos.720Myrcia.mucugensis_Santos.823	Myrcia.mucugensis_Santos.823Myrcia.ascendens_Santos.829	Myrcia.ascendens_Santos.829Myrcia.pseudomarlierea_Souza.1139	Myrcia.cf.truncata_Souza.1139Myrcia.subterminalis_Santos.733	Myrcia.subterminalis_Santos.733Myrcia.lenheirensis_Lucas.263	Myrcia.lenheirensis_Lucas.263Myrcia.pulchra_Lucas.138	Myrcia.subcordata_Lucas.138Myrcia.plusiantha_Staggemeier.737	Myrcia.plusiantha_Staggemeier.737Myrcia.follii_Staggemeier.907	Myrcia.plusiantha_Staggemeier.907Myrcia.truncata_Lucas.1189	Myrcia.truncata_Lucas.1189Myrcia.insigniflora_Matsumoto.799	Myrcia.insigniflora_Matsumoto.799Myrcia.ferruginea_Lucas.1235	Myrcia.ferruginea_Lucas.1235Myrcia.fenzliana_REP16	Myrcia.fenzliana_Vasconcelos.592Myrcia.fenzliana_DF90	Myrcia.fenzliana_Santos.622Myrcia.hartwegiana_Lucas.155	Myrcia.hartwegiana_Lucas.155Myrcia.reticulata_RJ.87	Myrcia.reticulata_Santos.803Myrcia.grandifolia_RJ22	Myrcia.grandifolia_Faria.2073Myrcia.ilheosensis_ES84	Myrcia.ilheosensis_Amorim.2037Myrcia.cordiifolia_ES.24	Myrcia.cordiifolia_Faria.2470Myrcia.eriocalyx_MG.19	Myrcia.eriocalyx_Faria.1446Myrcia.macrocalyx_SP.105	Myrcia.congestiflora_Torres.1673Myrcia.barituensis_ARG.93	Myrcia.barituensis_Serrano.5327Myrcia.aurea_ES625	Myrcia.aurea_Lucas.729Myrcia.montana_MG693	Myrcia.montana_Lucas.261Myrcia.subsericea_RJ89	Myrcia.subsericea_Santos.797Myrcia.palustris_RS.116	Myrcia.palustris_Brotto.1546Myrcia.hebepetala_Lucas.64	Myrcia.hebepetala_Lucas.64Myrcia.brasiliensis_Lucas.62	Myrcia.brasiliensis_Lucas.62Myrcia.tijucensis_Zappi.305	Myrcia.tijucensis_Zappi.305Myrcia.squamata_PR113	Myrcia.squamata_Vieira.800Myrcia.anacardiifolia_Nadruz.999	Myrcia.anacardiifolia_Nadruz.999Myrcia.glazioviana_Santos.601	Myrcia.neospruceana_Santos.60146269.MGlaziovii.Gomidesia	Myrcia.neospruceana_Vasconcelos.501Myrcia.mischophylla_Sobral.Sn	Myrcia.mischophylla_Sobral.SnMyrcia.pubescens_IBGE.Sn	Myrcia.pubescens_IBGE.SnMyrcia.flagellaris_Lucas.83	Myrcia.flagellaris_Lucas.83Myrcia.cerqueiria_ES.82	Myrcia.cerqueiria_Amorim.2028Myrcia.sp_Staggemeier.740	Myrcia.sp_Staggemeier.740Myrcia.ruschii_ES8	Myrcia.ruschii_Amorim.1941Eugenia.neosericea_Faria.972	Myrcia.sp_Faria.972Myrcia.grazielae_BA65	Myrcia.grazielae_Amorim.2016Myrcia.springiana_PE57	Myrcia.springiana_Amorim.1985Myrcia.springiana_BA17	Myrcia.springiana_Amorim.2007Myrcia.serrana_BA58	Myrcia.serrana_Amorim.2013Myrcia.pendulla_BA15	Myrcia.pendulla_Lucas.1206Myrcia.rosangelae_Amorim.1499	Myrcia.rosangelae_Amorim.1499Myrcia.sp_Lucas.1159	Myrcia.sp_Lucas.1159Myrcia.sp_Souza.1126	Myrcia.sp_Souza.1126Myrcia.espiritosantensis_ES83	Myrcia.espiritosantensis_Amorim.2033Myrcia.amplex_ES26	Myrcia.amplexicaulis_Amorim.1940M_crocea_ES_32	Myrcia.crocea_Amorim.1942Myrcia.magnifolia_RJ29	Myrcia.magnifolia_Amorim.2000Myrcia.carvalhoi_BA27	Myrcia.carvalhoi_Amorim.2026Myrcia.carvalhoi_Santos.751	Myrcia.carvalhoi_Santos.751Myrcia_vittoriana_Zappi455	Myrcia.vittoriana_Zappi.455Myrcia.spectabilis_Lucas.75	Myrcia.spectabilis_Lucas.75Myrcia.lughadhai_BA114	Myrcia.lughadhae_Hurbath.92Myrcia.magnifolia_Lucas.1182	Myrcia.aff.magnifolia_Lucas.1182Myrcia.sp_Vasconcelos.439	Myrcia.sp_Vasconcelos.439Myrcia.rufipes_Lucas.280	Myrcia.rufipes_Lucas.280Myrcia.vestita_Lucas.93	Myrcia.vestita_Lucas.93M.Pinifolia	Myrcia.pinifolia_VOUCHERMyrcia.paracatuensis_MelloSilva.1713	Myrcia.depauperata_MelloSilva.1713Myrcia.variabilis_Lucas.277	Myrcia.variabilis_Lucas.277Myrcia.pinifolia_Santos.613	Myrcia.depauperata_Santos.613Myrcia.rotundata_Caddah.555	Myrcia.guianensis_Caddah.555Myrcia.cuprea_Staggemeier.862	Myrcia.cuprea_Staggemeier.862Myrcia.guianensis_Staggemeier.845	Myrcia.guianensis_Staggemeier.845Myrcia.citrifolia_Pollard.1193	Myrcia.citrifolia_Pollard.1193Myrcia.guianensis__Harley.50707	Myrcia.guianensis_Harley.50707Myrcia.stricta_Santos.608	Myrcia.stricta_Santos.608Myrcia.subverticillaris_Lucas.251	Myrcia.subalpestris_Lucas.251Myrcia.sp_Staggemeier.762	Myrcia.cordiformis_Staggemeier.762Myrcia.sp_Lucas.682	Myrcia.laxiflora_Lucas.682Myrcia.laxiflora_Meirelles.307	Myrcia.laxiflora_Meirelles.307Marlierea.aff.subacuminata_Staggemeier.742	Myrcia.aff.subacuminata_Staggemeier.742Myrcia.multipunctata_Santos.836	Myrcia.multipunctata_Santos.836Marlierea.subacuminata_Lucas.225	Myrcia.subacuminata_Lucas.225Marlierea.clausseniana_Matsumoto.752	Myrcia.multipunctata_Matsumoto.752Myrcia.eugeniopsoides_Lucas.61	Myrcia.eugeniopsoides_Lucas.61Myrcia.vellozoi_Staggemeier.805	Myrcia.vellozoi_Staggemeier.805Myrcia.ferruginosa_Santos.689	Myrcia.ferruginosa_Santos.689Marlierea.teuscheriana_Lucas.633	Myrcia.teuscheriana_Lucas.633Myrcia.sp_Staggemeier.896	Myrcia.teuscheriana_Staggemeier.896Myrcia.hatschbachii_Santos.661	Myrcia.hatschbachii_Santos.661Myrcia.oblongata_Santos.667	Myrcia.oblongata_Santos.667Myrcia.tenuivenosa_Lucas.87	Myrcia.tenuivenosa_Lucas.87Myrcia.anomala_Faria.1015	Myrcia.anomala_Faria.1015Myrcia.tomentosa_Savassi.ESA85681	Myrcia.tomentosa_Savassi.ESA85681Myrcia.laruotteana_Mello.1705	Myrcia.selloi_Mello.1705Myrcia.tomentosa__SoaresSilva.752	Myrcia.tomentosa_SoaresSilva.752Myrcia.selloi_Lucas.110	Myrcia.selloi_Lucas.110Myrcia.aff.maximiliana_Santos.750	Myrcia.aff.maximiliana_Santos.750Myrcia.sp_BA55	Myrcia.aff.unana_Amorim.2024Myrcia.pulvinata_BA31	Myrcia.pulvinata_Amorim.1901Myrcia.robusta_Lucas.727	Myrcia.robusta_Lucas.727Myrcia.antonia_Lima.440	Myrcia.antonia_Lima.440Myrcia.pubipetala_Lucas.86	Myrcia.pubipetala_Lucas.86Myrcia.antonia_Santos.840	Myrcia.antonia_Santos.840Myrcia.reticulosa_Harley.50309	Myrcia.reticulosa_Harley.50309Myrcia.venulosa_Cruz.195	Myrcia.venulosa_Cruz.195Myrcia.aethusa_Lima.447	Myrcia.aethusa_Lima.447Myrcia.fallax_Prevost.4716	Myrcia.splendens_Prevost.471646115.MCanescens	Myrcia.canescens_Faria.169246129.MCardiaca	Myrcia.cardiaca_Vasconcelos.274Myrcia.splendens_Wood.15435	Myrcia.splendens_Wood.15435Myrcia.lignosa_W26462	Myrcia.lignosa_W2646246123.MBella	Myrcia.bella_Lima.379Myrcia.splendens_Lucas.73	Myrcia.splendens_Lucas.73Myrcia.microphylla_Santos.617	Myrcia.microphylla_Santos.61746128.MSylvaticaFlorestaAtlantica	Myrcia.sylvatica_SantosLima.844Myrcia.splendens_Lucas.165	Myrcia.splendens_Lucas.165Myrcia.eriopus_Lucas.258	Myrcia.eriopus_Lucas.258Myrcia.anceps_Lucas.236	Myrcia.anceps_Lucas.236Myrcia.bracteata_Prevost.4712	Myrcia.bracteata_Prevost.4712Myrcia.aff.servata_Santos.777	Myrcia.servata_Santos.77746261.MPiauhiensis	Myrcia.piauhiensis_Faria.2172Myrcia.splendens_Vasconcelos.587	Myrcia.splendens_Vasconcelos.587Myrcia.coumeta_Lucas.107	Myrcia.coumeta_Lucas.107Myrcia.sp_Homeier.2363	Myrcia.sp_Homeier.2363Myrcia.suffruticosa_MelloSilva.1690	Myrcia.suffruticosa_MelloSilva.1690Myrcia.eximia_Santos.625	Myrcia.eximia_Santos.625Myrcia.elevata_Santos.763	Myrcia.elevata_Santos.763Myrcia.sp_Vasconcelos.307	Myrcia.sp_Vasconcelos.307Myrcia.deflexa_Swensen.170	Myrcia.deflexa_Swensen.170Myrcia.salzmannii_Vasconcelos.459	Myrcia.salzmannii_Vasconcelos.459Myrcia.sp_Faria.4193	Myrcia.sp_Faria.419346271.MBergiana	Myrcia.bergiana_Lima.409Myrcia.megaphylla_Santos.721	Myrcia.megaphylla_Santos.721Myrcia.isaiana_Lucas.60	Myrcia.isaiana_Lucas.60Myrcia.retorta_Lucas.179	Myrcia.retorta_Lucas.179Myrcia.multiflora_Staggemeier.867	Myrcia.multiflora_Staggemeier.867Myrcia.multiflora_Staggemeier.863	Myrcia.multiflora_Staggemeier.863Myrcia.multiflora_Staggemeier.422	Myrcia.multiflora_Staggemeier.422Myrcia.multiflora_Lucas.65	Myrcia.multiflora_Lucas.65Myrcia.torta_Soares.751	Myrcia.myrtillifolia_Soares.751Myrcia.rorida_Bridgewater.1076	Myrcia.myrtillifolia_Bridgewater.1076Myrcia.pinifolia_Vasconcelos.505	Myrcia.pinifolia_Vasconcelos.505Myrcia.myrtilliflolia_Lima.381	Myrcia.myrtilliflolia_Lima.381Myrcia.myrtilliflolia_Lima.501	Myrcia.myrtilliflolia_Lima.501Myrcia.ramuliflora_Lima.412	Myrcia.ramuliflora_Lima.412Myrcia.polyantha_Staggemeier.797	Myrcia.polyantha_Staggemeier.797Myrcia.decorticans_Staggemeier.799	Myrcia.decorticans_Brazil_SE_Staggemeier.799Myrcia.tetraloba_Lima.415	Myrcia.tetraloba_Lima.415Myrcia.sp_Lucas.1169	Myrcia.sp_Lucas.1169Myrcia.amazonica_Lima.406	Myrcia.sp_Lima.406Myrcia.blanchetiana_Santos.834	Myrcia.blanchetiana_Santos.834Myrcia.sp_Vasconcelos.440	Myrcia.sp_Vasconcelos.440Myrcia.sessilissima_Santos.641	Myrcia.sessilissima_Santos.641Myrcia.blanchetiana_Lima.436	Myrcia.blanchetiana_Lima.436Myrcia.aff.venulosa_Santos.819	Myrcia.aff.venulosa_Santos.819Myrcia.litoralis_Lima.510	Myrcia.litoralis_Lima.510Myrcia.coeleosepala_Lucas.267	Myrcia.coeleosepala_Lucas.267Myrcia.platyclada_Hawthorne.502	Myrcia.platyclada_Hawthorne.502Myrcia.sp_Staggemeier.792	Myrcia.sp_Staggemeier.792Myrcia.racemosa_Lima.389	Myrcia.racemosa_Lima.389Myrcia.racemosa_Lima.398	Myrcia.racemosa_Lima.398Myrcia.racemosa_Staggemeier.934	Myrcia.racemosa_Staggemeier.934Myrcia.racemosa_Lucas.63	Myrcia.racemosa_Lucas.63Myrcia.racemosa_Faria.2510	Myrcia.racemosa_Faria.2510Myrcia.racemosa_Staggemeier.760	Myrcia.racemosa_Staggemeier.760Myrcia.racemosa_Staggemeier.795	Myrcia.racemosa_Staggemeier.795Myrcia.racemosa_Vasconcelos.452	Myrcia.racemosa_Vasconcelos.452Myrcia.racemosa_Staggemeier.751	Myrcia.racemosa_Staggemeier.751Myrcia.micropetala_Paixao.289	Myrcia.micropetala_Paixao.289Myrcia.raminfinita_Lucas.1033	Myrcia.raminfinita_Lucas.1033Myrcia.spathulifolia_Faria.4214	Myrcia.spathulifolia_Faria.4214Myrcia.littoralis_Lima.511	Myrcia.littoralis_Lima.511Myrcia.ramiflora_Lucas.1181	Myrcia.ramiflora_Lucas.1181Myrcia.inaequiloba_Lucas.105	Myrcia.inaequiloba_Lucas.105Myrcia.egensis_Araujo.311	Myrcia.egensis_Araujo.311Myrcia.grandis_Staggemeier.850	Myrcia.grandis_Staggemeier.850Myrcia.aff.neomontana_Hoffmann.945	Myrcia.aff.neomontana_Hoffmann.945Myrcia.minutiflora_Sasaki.2394	Myrcia.minutiflora_Sasaki.2394Myrcia.aulomyrcioides_Araujo.1885	Myrcia.aulomyrcioides_Araujo.1885Myrcia.sp_Carvalho.1594	Myrcia.sp_Carvalho.1594Myrcia.caudata_Zappi.1506	Myrcia.caudata_Zappi.1506Myrcia.mcvaughii_Caddah.547	Myrcia.mcvaughii_Caddah.547Myrcia.aff.neomontana_Holst.9384	Myrcia.aff.neomontana_Holst.9384Myrcia.sp_Harms.20	Myrcia.sp_Harms.20Myrcia.sp_Prevost.4749	Myrcia.decorticans_Prevost.4749_GuyanaMyrcia.umbraticola_Souza.Sn.43175	Myrcia.umbraticola_Souza.Sn.43175Myrcia.saxatilis_Lucas.98	Myrcia.saxatilis_Lucas.98Myrcia.rupta_Vasconcelos.311	Myrcia.rupta_Vasconcelos.311Myrcia.abbotiana_Lucas.1108	Myrcia.abbotiana_Lucas.1108Myrcia.abbotiana_Vasconcelos.571	Myrcia.abbotiana_Vasconcelos.571Myrcia.maricaensis_AcevedoRodriguez.7160	Myrcia.maricaensis_AcevedoRodriguez.7160Myrcia.sp_Lucas.1192	Myrcia.sp_Lucas.1192Myrcia.neuwiedeana_Staggemeier.793	Myrcia.neuwiedeana_Staggemeier.793Myrcia.sp_Staggemeier.927	Myrcia.sp_Staggemeier.927Myrcia.neuwiedeana_Lucas.886	Myrcia.neuwiedeana_Lucas.886Myrcia.sp_Souza.1131	Myrcia.sp_Souza.1131Myrcia.neoobscura_Matsumoto.836	Myrcia.neoobscura_Matsumoto.836Myrcia.neoriedeliana_Lucas.88	Myrcia.neoriedeliana_Lucas.88Marl.suaveolens_Lucas.85_16822_cl.9E	Marlierea.suaveolens_Lucas.85Myrcia.neotomentosa_Matsumoto.798	Myrcia.neotomentosa_Matsumoto.798Myrcia.racemosa_Lima.445	Myrcia.racemosa_Lima.445Myrcia.neoregeliana_Matsumoto.814	Myrcia.neoregeliana_Matsumoto.814Myrcia.excoriata_Matsumoto.825	Myrcia.excoriata_Matsumoto.825Myrcia.sucrei_Matsumoto.824	Myrcia.sucrei_Matsumoto.824Myrcia.marianae_Staggemeier.764	Myrcia.marianae_Staggemeier.764Myrcia.sucrei_Staggemeier.916	Myrcia.sucrei_Staggemeier.916Myrcia.neoglabra_Staggemeier.935	Myrcia.neoglabra_Staggemeier.935Myrcia.sp_Lucas.1190	Myrcia.trimera_Lucas.1190Myrcia.limae_Cordeiro.310	Myrcia.limae_Cordeiro.310Myrcia.eumecephylla_Matsumoto.803	Myrcia.eumecephylla_Matsumoto.803Myrcia.obversa_Matsumoto.820	Myrcia.obversa_Matsumoto.820Myrcia.hexasticha_Lucas.194	Myrcia.hexasticha_Lucas.194Myrcia.clavija_Lucas.244	Myrcia.clavija_Lucas.244Myrcia.tetraphylla_Staggemeier.926	Myrcia.tetraphylla_Staggemeier.926Myrcia.leptoclada_Swensen.185	Myrcia.leptoclada_Swensen.185Myrcia.neodimorpha_Folli.6649	Myrcia.neodimorpha_Folli.6649Myrcia.amazonica_Lucas.189	Myrcia.amazonica_Lucas.189Myrcia.amazonica_Lucas.59	Myrcia.amazonica_Lucas.59Myrcia.amazonica_Lucas.130	Myrcia.amazonica_Lucas.130Myrcia.sp_Staggemeier.901	Myrcia.sp_Staggemeier.901Myrcia.riodocensis_Staggemeier.917	Myrcia.riodocensis_Staggemeier.917Myrcia.amazonica_Prevost.4751	Myrcia.amazonica_Prevost.4751Myrcia.aff.amazonica_Neto.3007	Myrcia.aff.amazonica_Neto.3007Myrcia.aff.subobliqua_Staggemeier.839	Myrcia.aff.subobliqua_Staggemeier.839Pli_clausa_Aline_matrix	Plinia.clausa_Stadnik.601Pli_longiacuminata_Aline_matrix	Plinia.longiacuminata_Borges.314Plinia.cauliflora_Lucas.210	Plinia.cauliflora_Lucas.210Pli_espiritosantensis_Aline_matrix	Plinia.espiritosantensis_Souza.snPlinia.nana_Mazine.662	Plinia.nana_Mazine.662Myrciaria.floribunda_Mazine.796	Myrciaria.floribunda_Mazine.796Myrciaria.delicatula_Vasconcelos.495	Myrciaria.cuspidata_Vasconcelos.495Myrciaria.sp_34855	Myrciaria.sp_34855Myrciaria.floribunda_Vasconcelos.380	Myrciaria.floribunda_Vasconcelos.380Myrciaria.vexator_Vasconcelos.709	Myrciaria.vexator_Vasconcelos.709Myrciaria.glazioviana_Vasconcelos.413	Myrciaria.glomerata_Vasconcelos.413Myrciaria.tenella_Lucas.417	Myrciaria.tenella_Lucas.417Mia_glazioviana_Aline_matrix	Myrciaria.glazioviana_CoelhoJ.288Siphoneugena.guilfoyleiana_Lucas.70	Siphoneugena.guilfoyleiana_Lucas.70Sip_reitzii_Aline_matrix	Siphoneugena.reitzii_Staggemeier.1000Siphoneugena.densiflora_Faria.4152	Siphoneugena.densiflora_Faria.4152Siphoneugena.densiflora_Mazine.1050	Siphoneugena.densiflora_Mazine.1050Plinia.sp_Holst.9482	Plinia.sp_Holst.9482Neomitranthes.obtusa_Proenca.4047	Neomitranthes.obtusa_Proenca.4047Neomitranthes.glomerata_LabFenoSn3.G2.46397	Neomitranthes.glomerata_LabFenoSn3.G2.46397Plinia.cordifolia_Mazine.957	Plinia.cordifolia_Mazine.957Plinia.complanata_Matsumoto.831	Plinia.complanata_Matsumoto.831Pli_espinhacensis_Aline_matrix	Plinia.espinhacensis_Faria.6379Algrizea_macrochlamys_1_Itayguara_matrix	Algrizea.macrochlamys_Urdampilleta.404Algrizea.macrochlamys_Giulietti.1648	Algrizea.macrochlamys_Giulietti.1648Algrizea.minor_Faria.4157	Algrizea.minor_Faria.4157Myrceugenia.myrcioides_Lucas.82	Myrceugenia.myrcioides_Lucas.82Myrceugenia.reitzii_Barbosa.945	Myrceugenia.reitzii_Barbosa.945Myrceugenia.pilotantha_Lucas.230	Myrceugenia.pilotantha_Lucas.230Myrceugenia.ovata.var.regnelliana_Silva.18	Myrceugenia.ovata.var.regnelliana_Silva.18Myrceugenia.brevipedicellata_Landrum.2830	Myrceugenia.brevipedicellata_Landrum.2830Myrceugenia.euosma_Soares.715	Myrceugenia.euosma_Soares.715Myrceugenia.alpigena.var.longifolia_Harley.26218	Myrceugenia.alpigena.var.longifolia_Harley.26218Myrceugenia.alpigena.var.fuliginea_Hatschbach.59697	Myrceugenia.alpigena.var.fuliginea_Hatschbach.59697Myrceugenia.smithii_Garcia.533	Myrceugenia.smithii_Garcia.533Myrceugenia.ovata.var.regnelliana_Souza.10621	Myrceugenia.ovata.var.regnelliana_Souza.10621Myrceugenia.miersiana_Lucas.164	Myrceugenia.miersiana_Lucas.164Myrceugenia.cucullata_Wasum.105	Myrceugenia.cucullata_Wasum.105Myrceugenia.oxysepala_Ribas.2234	Myrceugenia.oxysepala_Ribas.2234Myrceugenia.seriatoramosa_Silva.2358	Myrceugenia.seriatoramosa_Silva.2358Myrceugenia.franciscensis_Miyagi.357	Myrceugenia.franciscensis_Miyagi.357Myrceugenia.ovata.var.acutata_Chagas.1979	Myrceugenia.ovata.var.acutata_Chagas.1979Myrceugenia.glaucescens_Landrum.11231	Myrceugenia.glaucescens_Landrum.11231Myrceugenia.myrtoides_Rossato.47	Myrceugenia.myrtoides_Rossato.47Myrceugenia.alpigena_Lucas.167	Myrceugenia.alpigena_Lucas.167Myrceugenia.kleinii_Cordeiro.734	Myrceugenia.kleinii_Cordeiro.734Myrceugenia.bananalensis_Faria.4049	Myrceugenia.bananalensis_Faria.4049Myrceugenia.pilotantha.var.pilotantha_Lohmann.35	Myrceugenia.pilotantha.var.pilotantha_Lohmann.35Myrceugenia.ovalifolia_Lucas.259	Myrceugenia.ovalifolia_Lucas.259Myrceugenia.myrcioides_Lucas.503	Myrceugenia.myrcioides_Lucas.503Myrceugenia.myrcioides.var.acrophylla_Ribas.229	Myrceugenia.myrcioides.var.acrophylla_Ribas.229Myrceugenia.gertii_Barbosa.948	Myrceugenia.gertii_Barbosa.948Myrceugenia.rufescens_Lucas.469	Myrceugenia.rufescens_Lucas.469Myrceugenia.campestris_Kummrow.2940	Myrceugenia.campestris_Kummrow.2940Myrceugenia.colchaguensis_Landrum.8033	Myrceugenia.colchaguensis_Landrum.8033Myrceugenia.schulzei_Ruiz.8266	Myrceugenia.schulzei_Ruiz.8266Myrceugenia.chrysocarpa_Landrum.8166	Myrceugenia.chrysocarpa_Landrum.8166Myrceugenia.ovata.var.ovata_Gardner.19	Myrceugenia.ovata.var.ovata_Gardner.19Myrceugenia.ovata.var.nannophylla_Mihoc.5162	Myrceugenia.ovata.var.nannophylla_Mihoc.5162Myrceugenia.planipes_Aedo.7378	Myrceugenia.planipes_Aedo.7378Myrceugenia.planipes_Landrum.Sn	Myrceugenia.planipes_Landrum.SnMyrceugenia.planipes_RBGE.19981561B	Myrceugenia.planipes_RBGE.19981561BMyrceugenia.leptospermoides_RBGE.19891714C	Myrceugenia.leptospermoides_RBGE.19891714CMyrceugenia.leptospermoides_Murillo.4214	Myrceugenia.leptospermoides_Murillo.4214Myrceugenia.parvifolia_Landrum.5916	Myrceugenia.parvifolia_Landrum.5916Myrceugenia.pinifolia_Gardner.164	Myrceugenia.pinifolia_Gardner.164Myrceugenia.lanceolata_Mihoc.6220	Myrceugenia.lanceolata_Mihoc.6220Myrceugenia.exsucca_Murillo.4217	Myrceugenia.exsucca_Murillo.4217Myrceugenia.correifolia_Teillier.5360	Myrceugenia.correifolia_Teillier.5360Myrceugenia.rufa_Teillier.150795	Myrceugenia.rufa_Teillier.150795Myrceugenia.ovata_RBGE.19982353C	Myrceugenia.ovata_RBGE.19982353CMyrceugenia.obtusa_Brownless.1227	Myrceugenia.obtusa_Brownless.1227Luma.apiculata_Lucas.208	Luma.apiculata_Lucas.208Luma_chequen_Itayguara_matrix	Luma.chequen_RBGE.19980725GTemu.cruckshanksii_RBGE.1998073D	Temu.cruckshanksii_RBGE.1998073DBlepharocalyx.salicifolius_Lucas.78	Blepharocalyx.salicifolius_Lucas.78Calycolpus.legrandii_Proenca.4046	Calycolpus.legrandii_Proenca.4046Blepharocalyx.salicifolius_Faria.4195	Blepharocalyx.salicifolius_Faria.4195Blepharocalyx_salicifolius_1_Itayguara_matrix	Blepharocalyx.salicifolius_Costa.560Blepharocalyx.salicifolius_MeloSilva.1679	Blepharocalyx.salicifolius_MeloSilva.1679Blepharocalyx.eggersii_Vasconcelos.458	Blepharocalyx.eggersii_Vasconcelos.458Blepharocalyx.salicifolius_Negritto.927	Blepharocalyx.salicifolius_Negritto.927Blepharocalyx.salicifolius_Landrum.11232	Blepharocalyx.salicifolius_Landrum.11232Eugenia.sp_Vasconcelos.348	Eugenia.sp_Vasconcelos.348Eugenia.egensis_Vasconcelos.319	Eugenia.egensis_Vasconcelos.319Eugenia.anastomosans_Holst.9383	Eugenia.anastomosans_Holst.9383Eugenia.densiracemosa_Mazine.1072	Eugenia.densiracemosa_Mazine.1072Eugenia.cucullata_NL110154	Eugenia.cucullata_NL1101541587ag_Calycorectes_bergii_Giaretta_matrix	Calycorectes.bergii_Giaretta.15871616ag_Eugenia_neograndifolia_Giaretta_matrix	Eugenia.neograndifolia_Giaretta.1616Eugenia.sp_Holst.9435	Eugenia.neograndifolia_Holst.94351615ag_Eugenia_neograndifolia_Giaretta_matrix	Eugenia.neograndifolia_Giaretta.1615Eugenia.latifolia_Prevost.4707	Eugenia.latifolia_Prevost.4707Eugenia.flavescens_Zappi.415	Eugenia.flavescens_Zappi.415Eugenia.sparsa_Mazine.1084	Eugenia.sparsa_Mazine.1084Eugenia.adenocalyx_Giaretta.1441	Eugenia.aff.adenocalyx_Giaretta.1441Eugenia.leptoclada_Lucas.389	Eugenia.leptoclada_Lucas.389Eugenia.neoverrucosa_Lucas.118	Eugenia.neoverrucosa_Lucas.118Eugenia.sphenophylla_Lucas.257	Eugenia.sphenophylla_Lucas.257Eugenia.talbotii_PM.5037	Eugenia.talbotii_PM.5037Eugenia.platysema_Mazine.3001	Eugenia.platysema_Mazine.30011158mfs_Eugenia_percincta_Giaretta_matrix	Eugenia.percincta_Simon.1158Eugenia.neoglomerata_Mazine.461	Eugenia.neoglomerata_Mazine.461Eugenia.bimarginata_Mazine.469	Eugenia.bimarginata_Mazine.469Eugenia.hiemalis_Mazine.970	Eugenia.hiemalis_Mazine.970Eugenia.pluriflora_Mazine.961	Eugenia.pluriflora_Mazine.961Eugenia.unana_Faria.4221	Eugenia.unana_Faria.4221Eugenia.astringens_Mazine.782	Eugenia.astringens_Mazine.782Eugenia.bacopari_Mazine.967	Eugenia.bacopari_Mazine.967Eugenia.lambertiana_Vasconcelos.382	Eugenia.lambertiana_Vasconcelos.382Eugenia.stictopetala_Mazine.1077	Eugenia.stictopetala_Mazine.1077Eugenia_greggii_Wilson1534	Eugenia.greggii_Wilson.1534Eugenia.stictosepala_Zappi.406	Eugenia.stictosepala_Zappi.4061639ag_Eugenia_fissurata_Giaretta_matrix	Eugenia.fissurata_Giaretta.1639Eugenia.pacifica_IgeaVS.7887	Eugenia.pacifica_IgeaVS.7887Eugenia.cocosensis_IgeaVS.7857	Eugenia.cocosensis_IgeaVS.7857Eugenia.axillaris_Hamilton.553	Eugenia.axillaris_Hamilton.553Eugenia.foetida_Holst.8865	Eugenia.foetida_Holst.8865Eugenia.sp_Lucas.1115	Eugenia.foetida_Lucas.1115Eugenia.monticola_Lucas.1117	Eugenia.monticola_Lucas.1117Eugenia.monticola_Vasconcelos.566	Eugenia.monticola_Vasconcelos.566Eugenia.hiraeifolia_MCSouza.1142	Eugenia.hiraeifolia_MCSouza.1142Eugenia.laevis_Lucas.1113	Eugenia.laevis_Lucas.1113Eugenia.rhombea_Holst.8864	Eugenia.rhombea_Holst.8864Calyptrogenia.cuspidata_Vasconcelos.593	Calyptrogenia.cuspidata_Vasconcelos.593Calyptrogenia.grandiflora_Vasconcelos.588	Calyptrogenia.grandiflora_Vasconcelos.588Hottea.neibensis_Vasconcelos.590	Hottea.neibensis_Vasconcelos.590Eugenia.borinquensis_MuscarellaErickson.0118735300	Eugenia.borinquensis_MuscarellaErickson.0118735300Eugenia.stahlii_Swensen.169	Eugenia.stahlii_Swensen.169Eugenia.dictyophylla_Clase.8180	Eugenia.dictyophylla_Clase.8180Eugenia.subavenia_Mazine.805	Eugenia.subavenia_Mazine.805Eugenia.nutans_Lucas.281	Eugenia.nutans_Lucas.281Eugenia.pisiformis_Lucas.232	Eugenia.pisiformis_Lucas.232Eugenia.prasina_Mazine.959	Eugenia.prasina_Mazine.959Eugenia.verticillata_Duarte.ESA85678	Eugenia.verticillata_Duarte.ESA85678Eugenia.ellipsoidea_Lucas.879	Eugenia.ellipsoidea_Lucas.879Eugenia.hirta_Faria.4227	Eugenia.hirta_Faria.42274ba_Eugenia_petaloidea_Giaretta_matrix	Eugenia.petaloidea_Amorim.1765Eugenia.goiapabana_Bunger.Sn	Eugenia.goiapabana_Bunger.SnEugenia.crassa_Giacomin.1860	Eugenia.crassa_Giacomin.18601498ag_Eugenia_umbrosa_Giaretta_matrix	Eugenia.umbrosa_Giaretta.1498Eugenia.grandissima_Faria.6270	Eugenia.grandissima_Faria.6270Eugenia.umbrosa_Mazine.1085	Eugenia.umbrosa_Mazine.10851646ag_Eugenia_rara_Giaretta_matrix	Eugenia.rara_Giaretta.1646Eugenia.bahiensis_Faria.4229	Eugenia.bahiensis_Faria.422916487gps_Eugenia_abunan_Giaretta_matrix	Eugenia.abunan_PereiraSilva.16487971mfs_Eugenia_feijoi_Giaretta_matrix	Eugenia.feijoi_Simon.9712032mfs_Eugenia_fasciculiflora_Giaretta_matrix	Eugenia.fasciculiflora_Simon.20321419ag_Eugenia_pisonis_Giaretta_matrix	Eugenia.pisonis_Giaretta.14191514ag_Eugenia_costata_Giaretta_matrix	Eugenia.costata_Giaretta.15141651ag_Eugenia_joseramosii_Giaretta_matrix	Eugenia.joseramosii_Giaretta.16511517ag_Eugenia_kerianthera_Giaretta_matrix	Eugenia.kerianthera_Giaretta.1517Eugenia.spruceana_Holst.9465	Eugenia.spruceana_Holst.9465Eugenia.cerasiflora_Vasconcelos.419	Eugenia.cerasiflora_Vasconcelos.419Eugenia.cerasiflora_Urban.PRU092792	Eugenia.cerasiflora_Urban.PRU092792Eugenia.rotula_Faria.4190	Eugenia.rotula_Faria.4190Eugenia.punicifolia_Mazine.1065	Eugenia.punicifolia_Mazine.1065Eugenia.punicifolia_Prevost.4724	Eugenia.punicifolia_Prevost.47242436cnf_Eugenia_lagoensis_Giaretta_matrix	Eugenia.lagoensis_Fraga.2436Eugenia.melanogyna_Mazine.969	Eugenia.melanogyna_Mazine.969Eugenia.macrocalyx_Gonzalez.NH200102	Eugenia.wentii_Gonzalez.NH200102Eugenia.wentii_Holst.9421	Eugenia.wentii_Holst.9421Eugenia.longipetiolata_Bunger.626	Eugenia.longipetiolata_Bunger.626Eugenia.sp_46422	Eugenia.sp_46422_Faria.6573Eugenia.speciosa_Mota.2477	Eugenia.speciosa_Mota.2477Eugenia.speciosa_Bunger.585	Eugenia.speciosa_Bunger.585Eugenia.bunchosiifolia_Faria.2513	Eugenia.bunchosiifolia_Faria.2513Eugenia.bunchosiifolia_Vasconcelos.466	Eugenia.bunchosiifolia_Vasconcelos.466Eugenia.stigmatosa_Sampaio.ESA46414	Eugenia.stigmatosa_Sampaio.ESA85684Eugenia.luschnathiana_Faria.3140	Eugenia.luschnathiana_Faria.3140Eugenia.verdoorniae_vanWyk.12697	Eugenia.verdoorniae_vanWyk.12697Eugenia.sp_vanWyk.12716	Eugenia.sp_vanWyk.12716Eugenia.erythrophylla_vanderMerwe.259	Eugenia.erythrophylla_vanderMerwe.259Eugenia.zeyheri_Maurin.1800	Eugenia.zeyheri_Maurin.1800Eugenia.zeyheri_vanWyk.12696	Eugenia.zeyheri_vanWyk.12696Eugenia.zuluensis_Abbott.9188	Eugenia.zuluensis_Abbott.9188Eugenia.natalitia_Maurin.1796	Eugenia.natalitia_Maurin.1796Eugenia.umtamvunensis_Maurin.1794	Eugenia.umtamvunensis_Maurin.1794Eugenia.woodii_vanWyk.12695	Eugenia.woodii_vanWyk.12695Eugenia.woodii_Maurin.MvdB26	Eugenia.woodii_Maurin.MvdB26Eugenia.sp_vanWyk.12717	Eugenia.sp_vanWyk.12717Eugenia.sp_vanWyk.12702	Eugenia.sp_vanWyk.12702Eugenia.albanensis_vanWyk.12723	Eugenia.capensis_vanWyk.12723Eugenia.erythrophylla_Maurin.1801	Eugenia.erythrophylla_Maurin.1801Eugenia.roseopetiolata_Vasconcelos.Sn	Eugenia.roseopetiolata_Vasconcelos.SnEugenia.reinwardtiana_Holst.8870	Eugenia.reinwardtiana_Holst.8870Eugenia.reinwardtiana_Zappi.Sn	Eugenia.reinwardtiana_Zappi.SnEugenia.reinwardtiana_Hyland.9245	Eugenia.reinwardtiana_Hyland.9245Eugenia.reinwardtiana_Wilson.Sn.977022	Eugenia.reinwardtiana_Wilson.Sn.977022Eugenia.sp_RayA.2016	Eugenia.sp_RayA.2016Eugenia.calcadensis_DharmarErkings.Sn	Eugenia.calcadensis_DharmarErkings.SnEugenia.singampattiana_Erkings.Sn	Eugenia.singampattiana_Erkings.SnEugenia.wynadensis_Rajkumar.310	Eugenia.wynadensis_Rajkumar.310Eugenia.tropophylla_Lowrey.2134	Eugenia.tropophylla_Lowrey.2134Eugenia.pollicina_MoorhouseGann.Sn	Eugenia.pollicina_MoorhouseGann.SnEugenia.buxifolia_Wilson.10740	Eugenia.buxifolia_Wilson.10740Eugenia.vaughanii_Page.69	Eugenia.vaughanii_Page.69Eugenia.orbiculata_Florens.Sn.PRU092779	Eugenia.orbiculata_Florens.Sn.PRU092779Eugenia.orbiculata_Page.104	Eugenia.orbiculata_Page.104Eugenia.neofasciculata_Page.105	Eugenia.neofasciculata_Page.105Eugenia.pollicina_Page.106	Eugenia.pollicina_Page.106Eugenia.tinifolia_Page.25	Eugenia.tinifolia_Page.25Eugenia.tinifolia_Florens.Sn.PRU092783	Eugenia.tinifolia_Florens.Sn.PRU092783Eugenia.pyxidata_MoorhouseGann.Sn	Eugenia.pyxidata_MoorhouseGann.SnMonimiastrum.globosum_Florens.Sn.PRU092785	Eugenia.kanakana_Florens.Sn.PRU092785Eugenia.crassipetala_Florens.Sn.PRU092782	Eugenia.crassipetala_Florens.Sn.PRU092782Eugenia.lucida_Florens.Sn.PRU092784	Eugenia.lucida_Florens.Sn.PRU092784Eugenia.bojeri_Page.32	Eugenia.bojeri_Page.32Eugenia.mespiloides_Wilson.10741	Eugenia.mespiloides_Wilson.10741Eugenia.bullata_Vasconcelos.608	Eugenia.bullata_Vasconcelos.608Eugenia.paludosa_Vasconcelos.646	Eugenia.paludosa_Vasconcelos.646Eugenia.brongniartiana_Pillon.176	Eugenia.brongniartiana_Pillon.176Eugenia.eggersii_Swensen.212	Eugenia.eggersii_Swensen.212Eugenia.patens_Lucas.104	Eugenia.patens_Lucas.104Eugenia.biflora_Mazine.1075	Eugenia.biflora_Mazine.1075Eugenia.intermedia_Araujo.1788	Eugenia.intermedia_Araujo.1788Eugenia.domingensis_Swensen.180	Eugenia.domingensis_Swensen.180Eugenia.paracatuana_44433	Eugenia.paracatuana_Silva.64Eugenia.florida_Mazine.965	Eugenia.florida_Mazine.965Eugenia.paracatuana_43962	Eugenia.paracatuana_Faria.2928Eugenia.domingensis_Lucas.1127	Eugenia.domingensis_Lucas.1127Eugenia.orbignyana_Mazine.1067	Eugenia.chiquitensis_Mazine.1067Eugenia.longiracemosa_Vasconcelos.310	Eugenia.longiracemosa_Vasconcelos.310Eugenia.complicata_PORosa.1399	Eugenia.cristaensis_PORosa.1399Eugenia.angustissima_Vasconcelos.405	Eugenia.angustissima_Vasconcelos.405Eugenia.sp_Vasconcelos.295	Eugenia.angustissima_Vasconcelos.295Eugenia.modesta_Mazine.854	Eugenia.modesta_Mazine.854Eugenia.binata_Colletta.1208	Eugenia.binata_Colletta.1208Eugenia.oblongata_Mazine.804	Eugenia.oblongata_Mazine.804Eugenia.capparidifolia_Mazine.845	Eugenia.capparidifolia_Mazine.845Eugenia.repanda_Mazine.1090	Eugenia.repanda_Mazine.1090Eugenia.microphylla_Urban.PRU092791	Eugenia.sprengelii_Urban.PRU092791Eugenia.repanda_Lucas.273	Eugenia.repanda_Lucas.273Eugenia.inversa_Faria.4230	Eugenia.inversa_Faria.4230Eugenia.plicatocostata_Popovkin.1770	Eugenia.plicatocostata_Popovkin.17701160el_Eugenia_caloneura_Giaretta_matrix	Eugenia.caloneura_Lucas.11601489ag_Eugenia_neoriedeliana_Giaretta_matrix	Eugenia.neoriedeliana_Giaretta.1489159atl_Eugenia_zuccarinii_Giaretta_matrix	Eugenia.zuccarinii_Brandao.159Eugenia.subterminalis_Mazine.974	Eugenia.subterminalis_Mazine.9741465ag_Eugenia_vattimoana_Giaretta_matrix	Eugenia.vattimoana_Giaretta.1465Eugenia.brevistyla_Mazine.993	Eugenia.brevistyla_Mazine.9931493ag_Eugenia_brevistyla_Giaretta_matrix	Eugenia.brevistyla_Giaretta.1493Eugenia.acutata_Vasconcelos.506	Eugenia.acutata_Vasconcelos.5061500ag_Eugenia_longohypanthiata_Giaretta_matrix	Eugenia.longohypanthiata_Giaretta.15001629ag_Eugenia_guanabarina_Giaretta_matrix	Eugenia.guanabarina_Giaretta.1629Eugenia.excelsa_Lucas.125	Eugenia.excelsa_Lucas.125Eugenia.platyphylla_Lucas.1188	Eugenia.platyphylla_Lucas.1188Eugenia.coffeifolia_Holst.9516	Eugenia.coffeifolia_Holst.9516Eugenia.confusa_Abbott.24085	Eugenia.confusa_Abbott.24085Eugenia.lindahlii_Clase.7839	Eugenia.lindahlii_Clase.7839Eugenia.pistaciifolia_Faria.1782	Eugenia.pistaciifolia_Faria.1782Eugenia.magnibracteolata_Bunger.627	Eugenia.magnibracteolata_Bunger.627Eugenia.regia_Bunger.578	Eugenia.regia_Bunger.578Eugenia.cuprea_Mazine.950	Eugenia.expansa_Mazine.950Eugenia.bocainensis_Duarte.ESA.85677	Eugenia.puberula_Duarte.ESA.85677Eugenia.expansa_Bunger.634	Eugenia.expansa_Bunger.634Eugenia.puberula_Bunger.629	Eugenia.puberula_Bunger.629Eugenia.selloi_Bunger.566	Eugenia.selloi_Bunger.566Eugenia.ruschiana_Bunger.618	Eugenia.ruschiana_Bunger.618Eugenia.glandulosa_Faria.37	Eugenia.glandulosa_Faria.37Eugenia.calycina_Mazine.1018	Eugenia.involucrata_Mazine.1018Eugenia.involucrata_Bunger.551	Eugenia.involucrata_Bunger.551Eugenia.involucrata_Vasconcelos.256	Eugenia.involucrata_Vasconcelos.256Eugenia_involucrata_UrbanPRU092793	Eugenia.involucrata_UrbanPRU092793Eugenia.macrobracteolata_Faria.3050	Eugenia.macrobracteolata_Faria.3050Eugenia.sp_Moraes.600	Eugenia.magnisepala_Moraes.600Eugenia.pyriformis_Faria.3086	Eugenia.pyriformis_Faria.3086Eugenia.pyriformis_Faria.3063	Eugenia.pyriformis_Faria.3063Eugenia.pyriformis_Faria.3166	Eugenia.pyriformis_Faria.3166Eugenia.pyriformis_Faria.1011	Eugenia.pyriformis_Faria.1011Eugenia.pyriformis_Mazine.1028	Eugenia.pyriformis_Mazine.1028Eugenia.ternatifolia_Faria.2861	Eugenia.ternatifolia_Faria.2861Eugenia.sellowiana_Faria.3088	Eugenia.sellowiana_Faria.3088Eugenia.sp_Faria.3153	Eugenia.sp_Faria.3153Eugenia.sellowiana_Faria.907	Eugenia.sellowiana_Faria.907Eugenia.sellowiana_Faria.2827	Eugenia.sellowiana_Faria.2827Eugenia.langsdorffii_Faria.2000	Eugenia.langsdorffii_Faria.2000Eugenia.langsdorffii_Faria.918	Eugenia.langsdorffii_Faria.918Eugenia.itajurensis_Faria.2399	Eugenia.itajurensis_Faria.2399Eugenia.itajurensis_46425	Eugenia.itajurensis_Faria.6723Eugenia.sp_Faria.2732	Eugenia.sp_Faria.2732Eugenia.aff.ischnosceles_Faria.1223	Eugenia.aff.ischnosceles_Faria.1223Eugenia.sellowiana_Faria.1744	Eugenia.sellowiana_Faria.1744Eugenia.pyriformis_DaSilvaFarias.4528	Eugenia.pyriformis_DaSilvaFarias.4528Eugenia.sp_46427	Eugenia.sp_Faria.2624Eugenia.sp_Faria.2622	Eugenia.sp_Faria.2622Eugenia.sp_GCosta.470	Eugenia.sp_GCosta.470Eugenia.sp_Faria.2592	Eugenia.sp_Faria.2592Eugenia.sp_Faria.2591	Eugenia.sp_Faria.2591Eugenia.sp_Faria.2617	Eugenia.sp_Faria.2617Eugenia.excoriata_Faria.2612	Eugenia.excoriata_Faria.2612Eugenia.pohliana_Landim.1674	Eugenia.pohliana_Landim.1674Eugenia.excoriata_Faria.2539	Eugenia.excoriata_Faria.2539Eugenia.beaurepairiana_Mazine.1008	Eugenia.beaurepairiana_Mazine.1008Eugenia.piresiana_Garcia.Sn	Eugenia.piresiana_Garcia.SnEugenia.piresiana_Faria.3101	Eugenia.piresiana_Faria.3101Eugenia.supraaxillaris_Faria.3033	Eugenia.supraaxillaris_Faria.3033Eugenia.supraaxillaris_Mazine.994	Eugenia.supraaxillaris_Mazine.994Eugenia.pohliana_Faria.1888	Eugenia.pohliana_Faria.1888Eugenia.stipitata_Stadnik.428	Eugenia.stipitata_Stadnik.428Eugenia.stipitata_Vasconcelos.677	Eugenia.stipitata_Vasconcelos.677Eugenia.stipitata_Holst.8872	Eugenia.stipitata_Holst.8872Eugenia.stipitata_MCSouza.Sn	Eugenia.stipitata_MCSouza.SnEugenia.victoriana_Vasconcelos.717	Eugenia.victoriana_Vasconcelos.717Eugenia.armeniaca_Holst.9400	Eugenia.armeniaca_Holst.9400Eugenia.brasiliensis_Lucas.126	Eugenia.brasiliensis_Lucas.126Eugenia.neomyrtifolia_Mazine.953	Eugenia.neomyrtifolia_Mazine.953Eugenia.ligustrina_MuscarellaErickson.0132456823	Eugenia.ligustrina_MuscarellaErickson.0132456823Eugenia.sulcata_Mazine.787	Eugenia.sulcata_Mazine.787Eugenia.sulcata_Lucas.68	Eugenia.sulcata_Lucas.68Eugenia.uniflora_Abbott.23855	Eugenia.uniflora_Abbott.23855Eugenia.uniflora_Lucas.207	Eugenia.uniflora_Lucas.207Eugenia.pitanga_Mazine.1044	Eugenia.pitanga_Mazine.1044Eugenia.handroi_Mazine.951	Eugenia.handroi_Mazine.951Eugenia.hamiltonii_Mazine.1033	Eugenia.hamiltonii_Mazine.1033Eugenia.handroi_Faria.3100	Eugenia.handroi_Faria.3100Eugenia.myrcianthes_Faria.2850	Eugenia.myrcianthes_Faria.2850Eugenia.splendens_Faria.1929	Eugenia.splendens_Faria.1929Eugenia.splendens_Faria.4196	Eugenia.splendens_Faria.4196Eugenia.splendens_Faria.6793	Eugenia.splendens_Faria.6793Eugenia.azuruensis_Faria.2646	Eugenia.azuruensis_Faria.2646Eugenia.azuruensis_Faria.2642	Eugenia.azuruensis_Faria.2642Eugenia.rosea_Faria.2579	Eugenia.rosea_Faria.2579Eugenia.klotzschiana_Faria.2006	Eugenia.klotzschiana_Faria.2006Eugenia.laruotteana_Faria.3139	Eugenia.laruotteana_Faria.3139Eugenia.sp_Faria.2287	Eugenia.sp_Faria.2287Myrcia.micropetala_Jardim.1076	Myrcia.micropetala_Jardim.1076Eugenia.sp_Faria.2582	Eugenia.altissima_Faria.2582Eugenia.sp_Farney.4464	Eugenia.farneyi_Farney.4464Eugenia.malacantha_Faria.3037	Eugenia.malacantha_Faria.3037Eugenia.pyriformis_Faria.3870	Eugenia.pyrifera_Faria.3870Eugenia.malacantha_Faria.3043	Eugenia.malacantha_Faria.3043Eugenia.leitonii_46426	Eugenia.leitonii_Faria.6308Eugenia.tetramera_Holst.9422	Eugenia.tetramera_Holst.9422Eugenia.laruotteana_46423	Eugenia.laruotteana_Faria.6433Eugenia.azurensis_Faria.4168	Eugenia.azurensis_Faria.4168Eugenia.patrisii_46446	Eugenia.patrisii_Staggemeier.834Eugenia.patrisii_Vasconcelos.327	Eugenia.patrisii_Vasconcelos.327Eugenia.patrisii_Holst.9514	Eugenia.patrisii_Holst.9514Psidium_appendiculatum_S2500_Proenca_matrix	Psidium.appendiculatum_SiqueiraFilho.2500Eugenia.dysenterica_Mazine.466	Eugenia.dysenterica_Mazine.466Eugenia.arenosa_Mazine.1043	Eugenia.arenosa_Mazine.1043Myrcianthes.roncesvallensis_Parra.O849	Myrcianthes.roncesvallensis_Parra.O849Myrcianthes.pseudomato_Beck.9667	Myrcianthes.pseudomato_Beck.9667Myrcianthes.pungens_Faria.2759	Myrcianthes.pungens_Faria.2759Myrcianthes.pungens_Tressens.5481	Myrcianthes.pungens_Tressens.5481Myrcianthes.callicoma_Wood.21047_Proenca_matrix	Myrcianthes.callicoma_Wood.21047Myrcianthes.osteomeloides_Wood.21051_Proenca_matrix	Myrcianthes.osteomeloides_Wood.21051Myrcianthes.pseudomato_Proenca.5440_Proenca_matrix	Myrcianthes.pseudomato_Proenca.5440Myrcianthes.cisplatensis_Landrum.11233	Myrcianthes.cisplatensis_Landrum.11233Myrcianthes.fragrans_Hamilton.552	Myrcianthes.fragrans_Hamilton.552Lophomyrtus.obcordata_Belsham.M41	Lophomyrtus.obcordata_Belsham.M41Neomyrtus.pedunculata_Belsham.M42	Neomyrtus.pedunculata_Belsham.M42Lophomyrtus.bullata_Belsham.M31	Lophomyrtus.bullata_Belsham.M31Lenwebbia.prominens_Snow.7463	Lenwebbia.prominens_Snow.7463Myrteola.nummularia_RBGE.19961096	Myrteola.nummularia_RBGE.19961096Ugni.molinae_Belsham.M69	Ugni.molinae_Belsham.M69Ugni.molinae_Murillo.4213	Ugni.molinae_Murillo.4213Ugni.candollei_Vasconcelos.Sn	Ugni.candollei_Vasconcelos.SnUgni_myricoides_Itayguara_matrix	Ugni.myricoides_Landrum.9372Ugni.selkirkii_Gardner.31	Ugni.selkirkii_Gardner.31Psidium_bergianum_Itayguara_matrix	Psidium.bergianum_Costa.627Psidium_basanthum_P3021_Proenca_matrix	Psidium.basanthum_Proenca.3021Psidium_larruotteanum_C624_Proenca_matrix	Psidium.larruotteanum_Costa.624Psidium_bergianum_F6839_Proenca_matrix	Psidium.bergianum_Faria.6839Psidium_larruotteanum_P3069_Proenca_matrix	Psidium.larruotteanum_Proenca.3069Psidium_eustachyum_F6405_Proenca_matrix	Psidium.sp_Faria.6405Psidium_robustum_F6370_Proenca_matrix	Psidium.robustum_Faria.6370Psidium_myrtoides_Itayguara_matrix	Psidium.myrtoides_Costa.816Psidium_corynanthum_P5332_Proenca_matrix	Psidium.corynanthum_Proenca.5332Psidium_rufum_P3230_Proenca_matrix	Psidium.widgrenianum_Proenca.3230Psidium_myrtoides_F6838_Proenca_matrix	Psidium.myrtoides_Faria.6838Psidium_lagoense_O492_Proenca_matrix	Psidium.lagoense_Ordones.492Psidium.laruotteanum_Faria.2362	Psidium.laruotteanum_Faria.2362Psidium.grazielae_Amelia_matrix	Psidium.grazielae_Tuler.496Psidium.bergianum_Amelia_matrix	Psidium.bergianum_Tuler.617Psidium.rufum2_Amelia_matrix	Psidium.rufum_Tuler.538Psidium.rufum1_Amelia_matrix	Psidium.rufum_Tuler.537Psidium_cupreum_F4271_Proenca_matrix	Psidium.cupreum_Faria.4271Psidium.rufum_Faria.4270	Psidium.cupreum_Faria.4271Psidium.oblongatum_Amelia_matrix	Psidium.oblongatum_Tuler.567Psidium.cauliflorum1_Amelia_matrix	Psidium.cauliflorum_Tuler.511Psidium.cauliflorum2_Amelia_matrix	Psidium.cauliflorum_Tuler.480Psidium.firmum_Amelia_matrix	Psidium.firmum_Tuler.618Psidium.macahense_vale_5_Amelia_matrix	Psidium.macahense_Tuler.532Psidium.brownianum_Vasconcelos.465	Psidium.macahense_Vasconcelos.465Psidium.macahense_vale_6_Amelia_matrix	Psidium.macahense_Tuler.455Psidium.macahense_vale_7_Amelia_matrix	Psidium.macahense_Tuler.457Psidium.brownianum_Faria.2519	Psidium.macahense_Faria.2519Psidium.rotundidiscum_Amelia_matrix	Psidium.rotundidiscum_Tuler.626Psidium.ganevii_Amelia_matrix	Psidium.ganevii_Stadnik.314Psidium.myrtoides_Amelia_matrix	Psidium.myrtoides_Stadnik.366Calycolpus_sessiliflorus_B743_Proenca_matrix	Calycolpus.sessiliflorus_Bringel.743Psidium_eugenioides_V473_Proenca_matrix	Psidium.eugenioides_Vasconcelos.473Psidium.amplexicaule_SantosNeto.40	Psidium.amplexicaule_SantosNeto.40Psidium_schenckianum_Itayguara_matrix	Psidium.schenckianum_Costa.772Psidium_sartorianum_P2993_Proenca_matrix	Psidium.sartorianum_Proenca.2993Psidium_luridum_P3071_Proenca_matrix	Psidium.luridum_Proenca.3071Psidium_sartorianum_F2195_Proenca_matrix	Psidium.sartorianum_Faria.2195Psidium.myrsinites_Amelia_matrix	Psidium.myrsinites_Tuler.613Psidium_myrsinites_C758_Proenca_matrix	Psidium.myrsinites_Costa.758Psidium.appendiculatum_Amelia_matrix	Psidium.appendiculatum_Tuler.619Plinia_renatiana_F1219	Plinia.renatiana_Faria.1219Calyptrogenia.biflora_Vasconcelos.565	Calyptrogenia.biflora_Vasconcelos.565Psidium.acranthum_Vasconcelos.578	Psidium.acranthum_Vasconcelos.578Psidium_rhombeum_C815_Proenca_matrix	Psidium.rhombeum_Costa.815Psidium.brownianum_Amelia_matrix	Psidium.brownianum_Tuler.606Psidium_cattleianum_C819b_Proenca_matrix	Psidium.cattleyanum_Costa.819bPsidium_cattleianum_C486_Proenca_matrix	Psidium.cattleyanum_Costa.486Psidium_araucanum_C837_Proenca_matrix	Psidium.araucanum_Costa.837Psidium.cattleianum_Lucas.213	Psidium.cattleyanum_Lucas.213Psidium_cattleianum_C606_Proenca_matrix	Psidium.cattleyanum_Costa.606Psidium.longipetiolatum_Amelia_matrix	Psidium.cattleyanum_RB595299Psidium.cattleyanum_Amelia_matrix	Psidium.cattleyanum_Tuler.553Psidium.grandifolium2_Amelia_matrix	Psidium.grandifolium_Tuler.612Psidium.grandifolium1_Amelia_matrix	Psidium.grandifolium_Tuler.616Psidium_grandifolium_1_Itayguara_matrix	Psidium.grandifolium_Costa.654Psidium_cinereum_S4535_Proenca_matrix	Psidium.cinereum_Silva.4535Psidium_australe_var_suffruticosum_C538_Proenca_matrix	Psidium.australe.var.suffruticosum_Costa.538Psidium_australe_var_argenteum_C540_Proenca_matrix	Psidium.australe.var.argenteum_Costa.540Psidiu.grandifolium_Faria.6689	Psidium.grandifolium_Faria.6689Psidium_ratterianum_P3068_Proenca_matrix	Psidium.ratterianum_Proenca.3068Psidium_guineense_C817_Proenca_matrix	Psidium.guineense_Costa.817Psidium_australe_P5376_Proenca_matrix	Psidium.australe_Proenca.5376Psidium.cinereum_DaSilvaFarias.4535	Psidium.cinereum_DaSilvaFarias.4535Psidium_guajava_Itayguara_matrix	Psidium.guajava_Costa.snPsidium.guajava_Landrum.7866	Psidium.guajava_Landrum.7866Psidium_guajava_Proenca_matrix	Psidium.guajava_Costa.476Psidium_acutangulum_Itayguara_matrix	Psidium.acutangulum_Costa.snPsidium_acutangulum_C490_Proenca_matrix	Psidium.acutangulum_Costa.490Psidium_friedrichstalianum_Itayguara_matrix	Psidium.friedrichstalianum_Verola.snPsidium_kennedyanum_Us.n._Proenca_matrix	Psidium.kennedyanum_Ushoa.snMyrrhinium.atropurpureum_Costa.594	Myrrhinium.atropurpureum_Costa.594Acca_macrostema_Itayguara_matrix	Acca.macrostema_VOUCHERAcca_lanuginosa_Itayguara_matrix	Acca.lanuginosa_VOUCHERMosiera_ehrenbergii_Itayguara_matrix	Mosiera.ehrenbergii_Landrum.7375Mosiera_contrerasii_Itayguara_matrix	Mosiera.contrerasii_SalywonPuente.snMosiera.longipes_Salywon.1183	Mosiera.longipes_Salywon.1183Mosiera_cuspidatum_Itayguara_matrix	Mosiera.cuspidatum_Salywon.1350Mosiera_xerophytica_Itayguara_matrix	Mosiera.xerophytica_Salywon.783Mosiera_gracilipes_Itayguara_matrix	Mosiera.gracilipes_Salywon.1300Campomanesia.xanthocarpa_Blum.10.109	Campomanesia.xanthocarpa_Blum.10.109Campomanesia.xanthocarpa_Ibrahim170_Marla_matrix	Campomanesia.xanthocarpa_Ibrahim.170Campomanesia.costata_Ibrahim187_Marla_matrix	Campomanesia.costata_Ibrahim.187Campomanesia.reitziana_Ibrahim231_Marla_matrix	Campomanesia.reitziana_Ibrahim.231Campomanesia.adamantium_Vasconcelos.474	Campomanesia.adamantium_Vasconcelos.474Campomanesia.adamantium_Ibrahim180_Marla_matrix	Campomanesia.adamantium_Ibrahim.180Campomanesia.pubescens_FarinaccioCosta.1669	Campomanesia.pubescens_FarinaccioCosta.1669Campomanesia_aromatica_Itayguara_matrix	Campomanesia.aromatica_Ibrahim.140Campomanesia_guaviroba_Itayguara_matrix	Campomanesia.guaviroba_Costa.613Campomanesia.adamantium_Ibrahim157_Marla_matrix	Campomanesia.adamantium_Ibrahim.157Campomanesia.rhombea_223_Marla_matrix	Campomanesia.rhombea_223Campomanesia.velutina_Vasconcelos.507	Campomanesia.velutina_Vasconcelos.507Campomanesia.sp_Lucas.201	Campomanesia.guaviroba_Lucas.201Campomanesia.xanthocarpa_Urdampilleta.J.362	Campomanesia.xanthocarpa_Urdampilleta.J.362Campomanesia.guaviroba_Faria.3076	Campomanesia.guaviroba_Faria.3076Campomanesia.neriiflora_Ibrahim176_Marla_matrix	Campomanesia.neriiflora_Ibrahim.176Campomanesia.dichotoma_Ibrahim.123	Campomanesia.dichotoma_Ibrahim.123Campomanesia.guazumifolia_vale_10_Amelia_matrix	Campomanesia.guazumifolia_JBRJ.343648Campomanesia.guazumifolia_Ibrahim918_Marla_matrix	Campomanesia.guazumifolia_Matos.918Campomanesia.guazumifolia_Ibrahim183_Marla_matrix	Campomanesia.guazumifolia_Ibrahim.183Campomanesia.guazumifolia_Faria.3054	Campomanesia.guazumifolia_Faria.3054Campomanesia.guazumifolia_Belsham.M86	Campomanesia.guazumifolia_Belsham.M86Campomanesia.ilhoensis_Ibrahim.122	Campomanesia.ilhoensis_Ibrahim.122Campomanesia.cavalcantina_Ibrahim197_Marla_matrix	Campomanesia.cavalcantina_Ibrahim.197Campomanesia.cavalcantina_Ibrahim206_Marla_matrix	Campomanesia.cavalcantina_Ibrahim.206Campomanesia.eugenioides_Ibrahim204_Marla_matrix	Campomanesia.eugenioides_Ibrahim.204Campomanesia.eugenioides_Ibrahim185_Marla_matrix	Campomanesia.eugenioides_Ibrahim.185Campomanesia.eugenioides_Ibrahim194_Marla_matrix	Campomanesia.eugenioides_Ibrahim.194Campomanesia.laurifolia_Tuler.531_Amelia_matrix	Campomanesia.laurifolia_Tuler.531Curitiba.prismatica_Lima.551	Curitiba.prismatica_Lima.551Feijoa.sellowiana_Lucas.205	Feijoa.sellowiana_Lucas.205Pimenta.racemosa_Holst.8866	Pimenta.racemosa_Holst.8866Pimenta_haitiensis_Itayguara_matrix	Pimenta.haitiensis_Salywon.JBSDPimenta_racemosa_ozua_Itayguara_matrix	Pimenta.racemosa.ozua_Holst.8866Pimenta.yumana_Vasconcelos.584	Pimenta.yumana_Vasconcelos.584Pimenta.berciliae_Vasconcelos.576	Pimenta.berciliae_Vasconcelos.576Pimenta.dioica_Lucas.212	Pimenta.dioica_Lucas.212Pimenta.pseudocaryophyllus_Lucas.161	Pimenta.pseudocaryophyllus_Lucas.161Amomyrtus_meli_Itayguara_matrix	Amomyrtus.meli_RBGE.19961083Amomyrtus.luma_RBGE.19961065	Amomyrtus.luma_RBGE.19961065Legrandia.concinna_RBGE.19990656	Legrandia.concinna_RBGE.19990656Amomyrtella.guilii_Landrum.12253	Amomyrtella.guilii_Landrum.12253Calycolpus.goetheanus_Vasconcelos.332	Calycolpus.goetheanus_Vasconcelos.332Calycolpus.moritzianus_Parra.O480	Calycolpus.moritzianus_Parra.O480Calycolpus.australis_Faria.6269	Calycolpus.australis_Faria.6269Myrtus.communis_Lucas.211	Myrtus.communis_Lucas.211Chamguava.schippii_SantamariaAguilar.9833	Chamguava.schippii_SantamariaAguilar.9833Accara.elegans_Vasconcelos.485	Accara.elegans_Vasconcelos.485Accara_elegans_Itayguara_matrix	Accara.elegans_Costa.670Pilidiostigma_glabrum_Itayguara_matrix	Pilidiostigma.glabrum_Cameron.snPilidiostigma.tropicum	Pilidiostigma.tropicum_Forster_27636Archirhodomyrtus.turbinata_Soewarto.11_46200	Archirhodomyrtus.turbinata_Soewarto.11Kanakomyrtus.dawsoniana_TV639	Kanakomyrtus.dawsoniana_Vasconcelos.639Rhodomyrtus_psidioides_Itayguara_matrix	Rhodomyrtus.psidioides_Belsham.72Octamyrtus.pleiopetala_19051	Octamyrtus.pleiopetala_Johns_snRhodomyrtus.tomentosa_Vasconcelos.678_46195	Rhodomyrtus.tomentosa_Vasconcelos.678Decasp.vitis_Vasconcelos.729_46145	Decaspermum.vitisidae_Vasconcelos.729Descapermum.humile	Decaspermum.humile_Belsham.M82Rhodamnia_argentea_Itayguara_matrix	Rhodamnia.argentea_Belsham.81Rhodamnia.cinerea_Vasconcelos.672	Rhodamnia.cinerea_Vasconcelos.672Rhodamnia_rubescens_Itayguara_matrix	Rhodamnia.rubescens_Belsham.83Uromyrtus.emarginata_TV628	Uromyrtus.emarginata_Vasconcelos.628Gossia_inophloia_Itayguara_matrix	Gossia.inophloia_Belsham.79Gossia_hillii_Itayguara_matrix	Gossia.hillii_Belsham.78Gossia.clusioides_Soewarto.14	Gossia.clusioides_Soewarto.14Austromyrtus.dulcis	Austromyrtus.dulcis_Belsham.77Myrtrastrum.rufopunctatum_Soewarto.10	Myrtastrum.rufopunctatum_Soewarto.10Eucalyptus.perriniana_Lucas.283	Eucalyptus.perriniana_Lucas.283Eucalyptus.tetragona_17934	Eucalyptus.tetragona_FU.177Leptospermum.scoparium_Lucas.284	Leptospermum.scoparium_Lucas.284Melaleuca.leucadendra_LGC.00265	Melaleuca.leucadendra_LGC.00265Callistemon.comboynensis_Lucas.206	Melaleuca.comboynensis_Lucas.206Metrosideros.perforata_Lucas.209	Metrosideros.perforata_Lucas.209Metrosideros.stipularis_RBGE.1995_2370A	Metrosideros.stipularis_RBGE.1995_2370AXanthomyrtus.montivaga_Lucas.16	Xanthomyrtus.montivaga_Lucas.16Syzygium.maire	Syzygium.maire_Belsham.M84Eugenia_zuluensis_PRU092775	Eugenia.zuluensis_PRU092775Eugenia.florida_Lucas.106	Eugenia.florida_Lucas.106Eugenia.involucrata_PRU092793	Eugenia.involucrata_PRU092793Eugenia.myrcianthes_SavassiESA_85681	Eugenia.myrcianthes_SavassiESA_85681Myrcia.mischophylla_Faria.1225	Myrcia.mischophylla_Faria.1225Siphoneugena.dussii_Flickinger.68	Siphoneugena.dussii_Flickinger.68Psidium.sessilifolium_Flickinger.2015DR21	Psidium.sessilifolium_Flickinger.2015DR21Psidium.salutare_Oviedo.sn	Psidium.salutare_Oviedo.snPsidium.rotundatum_OviedoChaves.sn	Psidium.rotundatum_OviedoChaves.snPsidium.harrisianum_Flickinger.2016J9	Psidium.harrisianum_Flickinger.2016J9Psidium.guajava_Flickinger.2015FTG8	Psidium.guajava_Flickinger.2015FTG8Psidium.cattleyanum_Flickinger.2015FL02	Psidium.cattleyanum_Flickinger.2015FL02Psidium.acranthum_Flickinger.2015DR31	Psidium.acranthum_Flickinger.2015DR31Pimenta.racemosa.var.racemosa_Flickinger.89	Pimenta.racemosa.var.racemosa_Flickinger.89Pimenta.racemosa.var.ozua_Flickinger.2015DR30	Pimenta.racemosa.var.ozua_Flickinger.2015DR30Pimenta.racemosa.var.grisea_Flickinger.72	Pimenta.racemosa.var.grisea_Flickinger.72Pimenta.haitiensis_Flickinger.107	Pimenta.haitiensis_Flickinger.107Pimenta.filipes_Flickinger.15	Pimenta.filipes_Flickinger.15Pimenta.dioica_Flickinger.2016FTG3	Pimenta.dioica_Flickinger.2016FTG3Myrciaria.vexator_Flickinger.2015FTG5	Myrciaria.vexator_Flickinger.2015FTG5Myrciaria.floribunda_Flickinger.87	Myrciaria.floribunda_Flickinger.87Myrciaria.borinquena_Flickinger.79	Myrciaria.borinquena_Flickinger.79Myrcianthes.fragrans_Flickinger.2015FTG2	Myrcianthes.fragrans_Flickinger.2015FTG2Myrcia.retivenia_AcostaGomez.sn	Myrcia.retivenia_AcostaGomez.snMyrcia.polyneura_Gomez.sn	Myrcia.polyneura_Gomez.snMyrcia.deflexa_Flickinger.71	Myrcia.deflexa_Flickinger.71Myrcia.citrifolia_Flickinger.2015DR26	Myrcia.citrifolia_Flickinger.2015DR26Mosiera.ophiticola_Flickinger.56	Mosiera.ophiticola_Flickinger.56Mosiera.longipes_Flickinger.2015DR23	Mosiera.longipes_Flickinger.2015DR23Mosiera.havanensis_OviedoAlvares.sn	Mosiera.havanensis_OviedoAlvares.snMosiera.elliptica.subsp.insularis_OviedoChaves.sn	Mosiera.elliptica.subsp.insularis_OviedoChaves.snMosiera.cuspidata_Rodriguez.1464	Mosiera.cuspidata_Rodriguez.1464Mitranthes.clarendonensis_Flickinger.2016J7	Mitranthes.clarendonensis_Flickinger.2016J7Hottea.neibensis_Flickinger.2015DR1	Hottea.neibensis_Flickinger.2015DR1Eugenia.woodburyana_Flickinger.126	Eugenia.woodburyana_Flickinger.126Eugenia.websteri_Flickinger.2016J8	Eugenia.websteri_Flickinger.2016J8Eugenia.varia_OviedoChaves.sn	Eugenia.varia_OviedoChaves.snEugenia.uniflora_Flickinger.2015FL1	Eugenia.uniflora_Flickinger.2015FL1Eugenia.umbellulifera_Flickinger.2015FTG4	Eugenia.umbellulifera_Flickinger.2015FTG4Eugenia.stipitata_Flickinger.90	Eugenia.stipitata_Flickinger.90Eugenia.stenoxipha_Oviedo.sn	Eugenia.stenoxipha_Oviedo.snEugenia.stahlii_Flickinger.67	Eugenia.stahlii_Flickinger.67Eugenia.sessiliflora_Flickinger.120	Eugenia.sessiliflora_Flickinger.120Eugenia.rhombea_Oviedo.sn	Eugenia.rhombea_Oviedo.snEugenia.retinadenia_OviedoChaves.sn	Eugenia.retinadenia_OviedoChaves.snEugenia.pubicalyx_Flickinger.2015DR11	Eugenia.pubicalyx_Flickinger.2015DR11Eugenia.pseudopsidium_Santiago.20177	Eugenia.pseudopsidium_Santiago.20177Eugenia.piedraensis_Flickinger.48	Eugenia.piedraensis_Flickinger.48Eugenia.picardae_Flickinger.2015DR2	Eugenia.picardae_Flickinger.2015DR2Eugenia.padronii_Flickinger.70	Eugenia.padronii_Flickinger.70Eugenia.naguana_Flickinger.26	Eugenia.naguana_Flickinger.26Eugenia.monticola_Flickinger.2015DR27	Eugenia.monticola_Flickinger.2015DR27Eugenia.luschnathiana_Abbot.24204	Eugenia.luschnathiana_Abbot.24204Eugenia.lomensis_Flickinger.21	Eugenia.lomensis_Flickinger.21Eugenia.lineolata_Flickinger.2015DR18	Eugenia.lineolata_Flickinger.2015DR18Eugenia.lineata_Flickinger.102	Eugenia.lineata_Flickinger.102Eugenia.linearis_Flickinger.2015DR8	Eugenia.linearis_Flickinger.2015DR8Eugenia.ligustrina_Flickinger.2015DR29	Eugenia.ligustrina_Flickinger.2015DR29Eugenia.laevis_Flickinger.100	Eugenia.laevis_Flickinger.100Eugenia.laeteviridis_Oviedo.sn	Eugenia.laeteviridis_Oviedo.snEugenia.hypargyrea_CarillaReyesCabreraToledo.5231	Eugenia.hypargyrea_CarillaReyesCabreraToledo.5231Eugenia.haematocarpa_Santiago.20181	Eugenia.haematocarpa_Santiago.20181Eugenia.dictyophylla_Flickinger.2015DR28	Eugenia.dictyophylla_Flickinger.2015DR28Eugenia.crenulata_Flickinger.2015DR6	Eugenia.crenulata_Flickinger.2015DR6Eugenia.cordata.var.cordata_Gibney.sn	Eugenia.cordata.var.cordata_Gibney.snEugenia.cf.ligustroides_Gomez.sn	Eugenia.cf.ligustroides_Gomez.snEugenia.cf.eggersii_Flickinger.77	Eugenia.cf.eggersii_Flickinger.77Eugenia.borinquensis_Flickinger.124	Eugenia.borinquensis_Flickinger.124Eugenia.biflora_Flickinger.114	Eugenia.biflora_Flickinger.114Eugenia.axillaris_Flickinger.2015FTG9	Eugenia.axillaris_Flickinger.2015FTG9Calyptrogenia.cuspidata_Flickinger.2015DR7	Calyptrogenia.cuspidata_Flickinger.2015DR7Calyptrogenia.biflora_Flickinger.2015DR9	Calyptrogenia.biflora_Flickinger.2015DR9Calyptranthes.zuzygium_Flickinger.2015DR15	Calyptranthes.zuzygium_Flickinger.2015DR15Calyptranthes.pinetorum_Oviedo.sn	Calyptranthes.pinetorum_Oviedo.snCalyptranthes.picardae_Flickinger.2015DR10	Calyptranthes.picardae_Flickinger.2015DR10Calyptranthes.estremenae_Flickinger.88	Calyptranthes.estremenae_Flickinger.88Calyptranthes.cf.selleana_Flickinger.2016J5	Calyptranthes.cf.selleana_Flickinger.2016J5Calyptranthes.cf.selleana_Flickinger.2015DR5	Calyptranthes.cf.selleana_Flickinger.2015DR5Calyptranthes.canapuensis_Gomez.sn	Calyptranthes.canapuensis_Gomez.snCalycolpus.legrandii_Ibrahim.28 	Calycolpus.legrandii_Ibrahim.28 Calycolpus.cochleatus_Wurdack.5903	Calycolpus.cochleatus_Wurdack.5903Eugenia.stipitata_ParraO.728	Eugenia.stipitata_ParraO.728Eugenia.punicifolia_ParraO.759	Eugenia.punicifolia_ParraO.759
Calycolpus.calophyllus_Betancur.14498	Calycolpus.calophyllus_Betancur.14498
Eugenia.protenta_Vasconcelos.350	Eugenia.protenta_Vasconcelos.350Syzygium.jambos_Lucas.214	Syzygium.jambos_Lucas.214Neomitranthes.cordifolia_Forster.1011	Neomitranthes.cordifolia_Forster.1011
Nothomyrcia.fernandeziana_Stuessy.15283	Nothomyrcia.fernandeziana_Stuessy.15283Eugenia.stigmatosa_Valdemarin.1353	Eugenia.stigmatosa_Valdemarin.1353Eugenia.sprengelii_Valdemarin.1143	Eugenia.sprengelii_Valdemarin.1143Eugenia.schottiana_Valdemarin.821	Eugenia.schottiana_Valdemarin.821Eugenia.mattosii_Valdemarin.1349	Eugenia.mattosii_Valdemarin.1349Eugenia.costatifructa_Valdemarin.1287	Eugenia.costatifructa_Valdemarin.1287
